payment_id,order_id,transaction_reference,payment_method,payment_status,amount,currency,installments,provider,authorized_at,paid_at,refunded_amount,failure_code,failure_reason,created_at,updated_at
1,1,SIM-d3b33bf231a647998af1c06fd2de0706-0,CREDIT_CARD,APPROVED,2113.80,BRL,3,synthetic_gateway,2026-09-05T11:26:12.549744Z,2026-09-05T11:27:12.549744Z,0.00,,,2026-09-07T14:46:12.549744Z,2026-09-07T14:46:12.549744Z
2,2,SIM-d3b33bf231a647998af1c06fd2de0706-1,PIX,APPROVED,876.30,BRL,1,synthetic_gateway,2026-09-04T20:45:12.549744Z,2026-09-04T20:46:12.549744Z,0.00,,,2026-09-07T14:46:12.549744Z,2026-09-07T14:46:12.549744Z
3,3,SIM-d3b33bf231a647998af1c06fd2de0706-2,PIX,APPROVED,279.03,BRL,1,synthetic_gateway,2026-09-04T23:48:12.549744Z,2026-09-04T23:49:12.549744Z,0.00,,,2026-09-07T14:46:12.549744Z,2026-09-07T14:46:12.549744Z
4,4,SIM-d3b33bf231a647998af1c06fd2de0706-3,PIX,APPROVED,1345.32,BRL,1,synthetic_gateway,2026-09-04T16:15:12.549744Z,2026-09-04T16:16:12.549744Z,0.00,,,2026-09-07T14:46:12.549744Z,2026-09-07T14:46:12.549744Z
5,5,SIM-d3b33bf231a647998af1c06fd2de0706-4,PIX,APPROVED,1420.92,BRL,1,synthetic_gateway,2026-09-03T08:35:12.549744Z,2026-09-03T08:36:12.549744Z,0.00,,,2026-09-07T14:46:12.549744Z,2026-09-07T14:46:12.549744Z
6,6,SIM-d3b33bf231a647998af1c06fd2de0706-5,CREDIT_CARD,APPROVED,2214.85,BRL,1,synthetic_gateway,2026-09-03T18:30:12.549744Z,2026-09-03T18:31:12.549744Z,0.00,,,2026-09-07T14:46:12.549744Z,2026-09-07T14:46:12.549744Z
7,7,SIM-d3b33bf231a647998af1c06fd2de0706-6,PIX,APPROVED,1272.64,BRL,1,synthetic_gateway,2026-09-03T05:18:12.549744Z,2026-09-03T05:19:12.549744Z,0.00,,,2026-09-07T14:46:12.549744Z,2026-09-07T14:46:12.549744Z
8,8,SIM-d3b33bf231a647998af1c06fd2de0706-7,CREDIT_CARD,APPROVED,427.59,BRL,6,synthetic_gateway,2026-09-03T19:20:12.549744Z,2026-09-03T19:21:12.549744Z,0.00,,,2026-09-07T14:46:12.549744Z,2026-09-07T14:46:12.549744Z
9,9,SIM-d3b33bf231a647998af1c06fd2de0706-8,PIX,APPROVED,2327.16,BRL,1,synthetic_gateway,2026-09-04T20:39:12.549744Z,2026-09-04T20:40:12.549744Z,0.00,,,2026-09-07T14:46:12.549744Z,2026-09-07T14:46:12.549744Z
10,10,SIM-d3b33bf231a647998af1c06fd2de0706-9,CREDIT_CARD,APPROVED,1906.11,BRL,3,synthetic_gateway,2026-09-03T14:50:12.549744Z,2026-09-03T14:51:12.549744Z,0.00,,,2026-09-07T14:46:12.549744Z,2026-09-07T14:46:12.549744Z
11,11,SIM-d3b33bf231a647998af1c06fd2de0706-10,CREDIT_CARD,APPROVED,2374.52,BRL,2,synthetic_gateway,2026-09-03T10:03:12.549744Z,2026-09-03T10:04:12.549744Z,0.00,,,2026-09-07T14:46:12.549744Z,2026-09-07T14:46:12.549744Z
12,12,SIM-d3b33bf231a647998af1c06fd2de0706-11,PIX,APPROVED,1441.19,BRL,1,synthetic_gateway,2026-09-02T22:05:12.549744Z,2026-09-02T22:06:12.549744Z,0.00,,,2026-09-07T14:46:12.549744Z,2026-09-07T14:46:12.549744Z
13,13,SIM-d3b33bf231a647998af1c06fd2de0706-12,PIX,APPROVED,703.99,BRL,1,synthetic_gateway,2026-09-05T21:10:12.549744Z,2026-09-05T21:11:12.549744Z,0.00,,,2026-09-07T14:46:12.549744Z,2026-09-07T14:46:12.549744Z
14,14,SIM-d3b33bf231a647998af1c06fd2de0706-13,CREDIT_CARD,APPROVED,960.90,BRL,2,synthetic_gateway,2026-09-04T00:20:12.549744Z,2026-09-04T00:21:12.549744Z,0.00,,,2026-09-07T14:46:12.549744Z,2026-09-07T14:46:12.549744Z
15,15,SIM-d3b33bf231a647998af1c06fd2de0706-14,CREDIT_CARD,APPROVED,2298.35,BRL,1,synthetic_gateway,2026-09-06T03:30:12.549744Z,2026-09-06T03:31:12.549744Z,0.00,,,2026-09-07T14:46:12.549744Z,2026-09-07T14:46:12.549744Z
16,16,SIM-d3b33bf231a647998af1c06fd2de0706-15,CREDIT_CARD,APPROVED,856.18,BRL,3,synthetic_gateway,2026-09-04T06:10:12.549744Z,2026-09-04T06:11:12.549744Z,0.00,,,2026-09-07T14:46:12.549744Z,2026-09-07T14:46:12.549744Z
17,17,SIM-d3b33bf231a647998af1c06fd2de0706-16,BOLETO,APPROVED,1790.69,BRL,1,synthetic_gateway,2026-09-04T07:26:12.549744Z,2026-09-04T07:27:12.549744Z,0.00,,,2026-09-07T14:46:12.549744Z,2026-09-07T14:46:12.549744Z
18,18,SIM-d3b33bf231a647998af1c06fd2de0706-17,CREDIT_CARD,APPROVED,159.30,BRL,3,synthetic_gateway,2026-09-06T09:36:12.549744Z,2026-09-06T09:37:12.549744Z,0.00,,,2026-09-07T14:46:12.549744Z,2026-09-07T14:46:12.549744Z
19,19,SIM-d3b33bf231a647998af1c06fd2de0706-18,CREDIT_CARD,APPROVED,2432.39,BRL,2,synthetic_gateway,2026-09-04T08:14:12.549744Z,2026-09-04T08:15:12.549744Z,0.00,,,2026-09-07T14:46:12.549744Z,2026-09-07T14:46:12.549744Z
20,20,SIM-d3b33bf231a647998af1c06fd2de0706-19,CREDIT_CARD,APPROVED,114.74,BRL,3,synthetic_gateway,2026-09-04T21:44:12.549744Z,2026-09-04T21:45:12.549744Z,0.00,,,2026-09-07T14:46:12.549744Z,2026-09-07T14:46:12.549744Z
21,21,SIM-d3b33bf231a647998af1c06fd2de0706-20,PIX,APPROVED,535.26,BRL,1,synthetic_gateway,2026-09-03T09:04:12.549744Z,2026-09-03T09:05:12.549744Z,0.00,,,2026-09-07T14:46:12.549744Z,2026-09-07T14:46:12.549744Z
22,22,SIM-d3b33bf231a647998af1c06fd2de0706-21,CREDIT_CARD,DECLINED,1726.56,BRL,3,synthetic_gateway,,,0.00,PAYMENT_DECLINED,Pagamento não autorizado na simulação,2026-09-07T14:46:12.549744Z,2026-09-07T14:46:12.549744Z
23,23,SIM-d3b33bf231a647998af1c06fd2de0706-22,PIX,APPROVED,969.37,BRL,1,synthetic_gateway,2026-09-06T00:59:12.549744Z,2026-09-06T01:00:12.549744Z,0.00,,,2026-09-07T14:46:12.549744Z,2026-09-07T14:46:12.549744Z
24,24,SIM-d3b33bf231a647998af1c06fd2de0706-23,CREDIT_CARD,APPROVED,1415.42,BRL,6,synthetic_gateway,2026-09-03T10:02:12.549744Z,2026-09-03T10:03:12.549744Z,0.00,,,2026-09-07T14:46:12.549744Z,2026-09-07T14:46:12.549744Z
25,25,SIM-d3b33bf231a647998af1c06fd2de0706-24,CREDIT_CARD,APPROVED,1285.89,BRL,3,synthetic_gateway,2026-09-05T15:01:12.549744Z,2026-09-05T15:02:12.549744Z,0.00,,,2026-09-07T14:46:12.549744Z,2026-09-07T14:46:12.549744Z
26,26,SIM-d3b33bf231a647998af1c06fd2de0706-25,PIX,APPROVED,1933.06,BRL,1,synthetic_gateway,2026-09-04T15:45:12.549744Z,2026-09-04T15:46:12.549744Z,0.00,,,2026-09-07T14:46:12.549744Z,2026-09-07T14:46:12.549744Z
27,27,SIM-d3b33bf231a647998af1c06fd2de0706-26,PIX,APPROVED,37.65,BRL,1,synthetic_gateway,2026-09-05T22:54:12.549744Z,2026-09-05T22:55:12.549744Z,0.00,,,2026-09-07T14:46:12.549744Z,2026-09-07T14:46:12.549744Z
28,28,SIM-d3b33bf231a647998af1c06fd2de0706-27,PIX,APPROVED,1283.28,BRL,1,synthetic_gateway,2026-09-06T01:42:12.549744Z,2026-09-06T01:43:12.549744Z,0.00,,,2026-09-07T14:46:12.549744Z,2026-09-07T14:46:12.549744Z
29,29,SIM-d3b33bf231a647998af1c06fd2de0706-28,CREDIT_CARD,DECLINED,481.37,BRL,6,synthetic_gateway,,,0.00,PAYMENT_DECLINED,Pagamento não autorizado na simulação,2026-09-07T14:46:12.549744Z,2026-09-07T14:46:12.549744Z
30,30,SIM-d3b33bf231a647998af1c06fd2de0706-29,CREDIT_CARD,APPROVED,1489.77,BRL,1,synthetic_gateway,2026-09-05T08:24:12.549744Z,2026-09-05T08:25:12.549744Z,0.00,,,2026-09-07T14:46:12.549744Z,2026-09-07T14:46:12.549744Z
31,31,SIM-d3b33bf231a647998af1c06fd2de0706-30,CREDIT_CARD,APPROVED,2290.85,BRL,1,synthetic_gateway,2026-09-04T02:50:12.549744Z,2026-09-04T02:51:12.549744Z,0.00,,,2026-09-07T14:46:12.549744Z,2026-09-07T14:46:12.549744Z
32,32,SIM-d3b33bf231a647998af1c06fd2de0706-31,BOLETO,APPROVED,1763.87,BRL,1,synthetic_gateway,2026-09-03T03:34:12.549744Z,2026-09-03T03:35:12.549744Z,0.00,,,2026-09-07T14:46:12.549744Z,2026-09-07T14:46:12.549744Z
33,33,SIM-d3b33bf231a647998af1c06fd2de0706-32,PIX,APPROVED,1974.17,BRL,1,synthetic_gateway,2026-09-04T16:19:12.549744Z,2026-09-04T16:20:12.549744Z,0.00,,,2026-09-07T14:46:12.549744Z,2026-09-07T14:46:12.549744Z
34,34,SIM-d3b33bf231a647998af1c06fd2de0706-33,CREDIT_CARD,APPROVED,1135.95,BRL,3,synthetic_gateway,2026-09-05T13:12:12.549744Z,2026-09-05T13:13:12.549744Z,0.00,,,2026-09-07T14:46:12.549744Z,2026-09-07T14:46:12.549744Z
35,35,SIM-d3b33bf231a647998af1c06fd2de0706-34,CREDIT_CARD,APPROVED,348.31,BRL,3,synthetic_gateway,2026-09-04T10:33:12.549744Z,2026-09-04T10:34:12.549744Z,0.00,,,2026-09-07T14:46:12.549744Z,2026-09-07T14:46:12.549744Z
36,36,SIM-d3b33bf231a647998af1c06fd2de0706-35,PIX,APPROVED,1114.09,BRL,1,synthetic_gateway,2026-09-04T22:16:12.549744Z,2026-09-04T22:17:12.549744Z,0.00,,,2026-09-07T14:46:12.549744Z,2026-09-07T14:46:12.549744Z
37,37,SIM-d3b33bf231a647998af1c06fd2de0706-36,CREDIT_CARD,APPROVED,2080.25,BRL,6,synthetic_gateway,2026-09-02T19:22:12.549744Z,2026-09-02T19:23:12.549744Z,0.00,,,2026-09-07T14:46:12.549744Z,2026-09-07T14:46:12.549744Z
38,38,SIM-d3b33bf231a647998af1c06fd2de0706-37,PIX,APPROVED,240.68,BRL,1,synthetic_gateway,2026-09-03T14:28:12.549744Z,2026-09-03T14:29:12.549744Z,0.00,,,2026-09-07T14:46:12.549744Z,2026-09-07T14:46:12.549744Z
39,39,SIM-d3b33bf231a647998af1c06fd2de0706-38,PIX,APPROVED,1007.16,BRL,1,synthetic_gateway,2026-09-04T11:26:12.549744Z,2026-09-04T11:27:12.549744Z,0.00,,,2026-09-07T14:46:12.549744Z,2026-09-07T14:46:12.549744Z
40,40,SIM-d3b33bf231a647998af1c06fd2de0706-39,CREDIT_CARD,APPROVED,1116.91,BRL,2,synthetic_gateway,2026-09-04T23:22:12.549744Z,2026-09-04T23:23:12.549744Z,0.00,,,2026-09-07T14:46:12.549744Z,2026-09-07T14:46:12.549744Z
41,41,SIM-d3b33bf231a647998af1c06fd2de0706-40,BOLETO,APPROVED,1508.47,BRL,1,synthetic_gateway,2026-09-06T11:52:12.549744Z,2026-09-06T11:53:12.549744Z,0.00,,,2026-09-07T14:46:12.549744Z,2026-09-07T14:46:12.549744Z
42,42,SIM-d3b33bf231a647998af1c06fd2de0706-41,CREDIT_CARD,APPROVED,2027.27,BRL,3,synthetic_gateway,2026-09-03T02:12:12.549744Z,2026-09-03T02:13:12.549744Z,0.00,,,2026-09-07T14:46:12.549744Z,2026-09-07T14:46:12.549744Z
43,43,SIM-b393c64e8e954bf989eaa20e79a29a80-0,PIX,APPROVED,2298.61,BRL,1,synthetic_gateway,2026-09-04T18:14:54.029480Z,2026-09-04T18:15:54.029480Z,0.00,,,2026-09-07T14:46:54.029480Z,2026-09-07T14:46:54.029480Z
44,44,SIM-b393c64e8e954bf989eaa20e79a29a80-1,PIX,APPROVED,1347.01,BRL,1,synthetic_gateway,2026-09-04T07:44:54.029480Z,2026-09-04T07:45:54.029480Z,0.00,,,2026-09-07T14:46:54.029480Z,2026-09-07T14:46:54.029480Z
45,45,SIM-b393c64e8e954bf989eaa20e79a29a80-2,PIX,APPROVED,368.35,BRL,1,synthetic_gateway,2026-09-05T22:26:54.029480Z,2026-09-05T22:27:54.029480Z,0.00,,,2026-09-07T14:46:54.029480Z,2026-09-07T14:46:54.029480Z
46,46,SIM-b393c64e8e954bf989eaa20e79a29a80-3,PIX,APPROVED,1807.95,BRL,1,synthetic_gateway,2026-09-02T16:38:54.029480Z,2026-09-02T16:39:54.029480Z,0.00,,,2026-09-07T14:46:54.029480Z,2026-09-07T14:46:54.029480Z
47,47,SIM-b393c64e8e954bf989eaa20e79a29a80-4,CREDIT_CARD,APPROVED,1412.45,BRL,6,synthetic_gateway,2026-09-05T07:28:54.029480Z,2026-09-05T07:29:54.029480Z,0.00,,,2026-09-07T14:46:54.029480Z,2026-09-07T14:46:54.029480Z
48,48,SIM-b393c64e8e954bf989eaa20e79a29a80-5,PIX,APPROVED,1239.61,BRL,1,synthetic_gateway,2026-09-02T18:00:54.029480Z,2026-09-02T18:01:54.029480Z,0.00,,,2026-09-07T14:46:54.029480Z,2026-09-07T14:46:54.029480Z
49,49,SIM-b393c64e8e954bf989eaa20e79a29a80-6,CREDIT_CARD,APPROVED,736.55,BRL,2,synthetic_gateway,2026-09-03T10:28:54.029480Z,2026-09-03T10:29:54.029480Z,0.00,,,2026-09-07T14:46:54.029480Z,2026-09-07T14:46:54.029480Z
50,50,SIM-b393c64e8e954bf989eaa20e79a29a80-7,PIX,APPROVED,1588.81,BRL,1,synthetic_gateway,2026-09-05T21:13:54.029480Z,2026-09-05T21:14:54.029480Z,0.00,,,2026-09-07T14:46:54.029480Z,2026-09-07T14:46:54.029480Z
51,51,SIM-b393c64e8e954bf989eaa20e79a29a80-8,PIX,APPROVED,1186.92,BRL,1,synthetic_gateway,2026-09-02T23:40:54.029480Z,2026-09-02T23:41:54.029480Z,0.00,,,2026-09-07T14:46:54.029480Z,2026-09-07T14:46:54.029480Z
52,52,SIM-b393c64e8e954bf989eaa20e79a29a80-9,CREDIT_CARD,APPROVED,2043.73,BRL,3,synthetic_gateway,2026-09-03T03:05:54.029480Z,2026-09-03T03:06:54.029480Z,0.00,,,2026-09-07T14:46:54.029480Z,2026-09-07T14:46:54.029480Z
53,53,SIM-b393c64e8e954bf989eaa20e79a29a80-10,CREDIT_CARD,APPROVED,1736.72,BRL,1,synthetic_gateway,2026-09-06T06:54:54.029480Z,2026-09-06T06:55:54.029480Z,0.00,,,2026-09-07T14:46:54.029480Z,2026-09-07T14:46:54.029480Z
54,54,SIM-b393c64e8e954bf989eaa20e79a29a80-11,PIX,APPROVED,61.24,BRL,1,synthetic_gateway,2026-09-03T20:10:54.029480Z,2026-09-03T20:11:54.029480Z,0.00,,,2026-09-07T14:46:54.029480Z,2026-09-07T14:46:54.029480Z
55,55,SIM-b393c64e8e954bf989eaa20e79a29a80-12,CREDIT_CARD,APPROVED,513.56,BRL,2,synthetic_gateway,2026-09-05T21:27:54.029480Z,2026-09-05T21:28:54.029480Z,0.00,,,2026-09-07T14:46:54.029480Z,2026-09-07T14:46:54.029480Z
56,56,SIM-b393c64e8e954bf989eaa20e79a29a80-13,CREDIT_CARD,APPROVED,764.68,BRL,2,synthetic_gateway,2026-09-05T23:08:54.029480Z,2026-09-05T23:09:54.029480Z,0.00,,,2026-09-07T14:46:54.029480Z,2026-09-07T14:46:54.029480Z
57,57,SIM-b393c64e8e954bf989eaa20e79a29a80-14,CREDIT_CARD,APPROVED,1645.15,BRL,1,synthetic_gateway,2026-09-03T14:12:54.029480Z,2026-09-03T14:13:54.029480Z,0.00,,,2026-09-07T14:46:54.029480Z,2026-09-07T14:46:54.029480Z
58,58,SIM-b393c64e8e954bf989eaa20e79a29a80-15,PIX,APPROVED,1695.32,BRL,1,synthetic_gateway,2026-09-05T03:59:54.029480Z,2026-09-05T04:00:54.029480Z,0.00,,,2026-09-07T14:46:54.029480Z,2026-09-07T14:46:54.029480Z
59,59,SIM-b393c64e8e954bf989eaa20e79a29a80-16,PIX,APPROVED,1981.16,BRL,1,synthetic_gateway,2026-09-03T10:45:54.029480Z,2026-09-03T10:46:54.029480Z,0.00,,,2026-09-07T14:46:54.029480Z,2026-09-07T14:46:54.029480Z
60,60,SIM-b393c64e8e954bf989eaa20e79a29a80-17,PIX,APPROVED,1154.55,BRL,1,synthetic_gateway,2026-09-03T19:52:54.029480Z,2026-09-03T19:53:54.029480Z,0.00,,,2026-09-07T14:46:54.029480Z,2026-09-07T14:46:54.029480Z
61,61,SIM-b393c64e8e954bf989eaa20e79a29a80-18,CREDIT_CARD,APPROVED,2212.14,BRL,3,synthetic_gateway,2026-09-02T14:23:54.029480Z,2026-09-02T14:24:54.029480Z,0.00,,,2026-09-07T14:46:54.029480Z,2026-09-07T14:46:54.029480Z
62,62,SIM-b393c64e8e954bf989eaa20e79a29a80-19,PIX,APPROVED,1317.08,BRL,1,synthetic_gateway,2026-09-06T10:53:54.029480Z,2026-09-06T10:54:54.029480Z,0.00,,,2026-09-07T14:46:54.029480Z,2026-09-07T14:46:54.029480Z
63,63,SIM-b393c64e8e954bf989eaa20e79a29a80-20,CREDIT_CARD,APPROVED,710.79,BRL,1,synthetic_gateway,2026-09-05T12:33:54.029480Z,2026-09-05T12:34:54.029480Z,0.00,,,2026-09-07T14:46:54.029480Z,2026-09-07T14:46:54.029480Z
64,64,SIM-b393c64e8e954bf989eaa20e79a29a80-21,CREDIT_CARD,DECLINED,677.65,BRL,2,synthetic_gateway,,,0.00,PAYMENT_DECLINED,Pagamento não autorizado na simulação,2026-09-07T14:46:54.029480Z,2026-09-07T14:46:54.029480Z
65,65,SIM-b393c64e8e954bf989eaa20e79a29a80-22,PIX,APPROVED,1472.70,BRL,1,synthetic_gateway,2026-09-06T07:32:54.029480Z,2026-09-06T07:33:54.029480Z,0.00,,,2026-09-07T14:46:54.029480Z,2026-09-07T14:46:54.029480Z
66,66,SIM-b393c64e8e954bf989eaa20e79a29a80-23,CREDIT_CARD,APPROVED,1823.15,BRL,3,synthetic_gateway,2026-09-04T19:49:54.029480Z,2026-09-04T19:50:54.029480Z,0.00,,,2026-09-07T14:46:54.029480Z,2026-09-07T14:46:54.029480Z
67,67,SIM-b393c64e8e954bf989eaa20e79a29a80-24,PIX,APPROVED,1548.31,BRL,1,synthetic_gateway,2026-09-06T10:24:54.029480Z,2026-09-06T10:25:54.029480Z,0.00,,,2026-09-07T14:46:54.029480Z,2026-09-07T14:46:54.029480Z
68,68,SIM-b393c64e8e954bf989eaa20e79a29a80-25,CREDIT_CARD,APPROVED,68.14,BRL,2,synthetic_gateway,2026-09-05T19:35:54.029480Z,2026-09-05T19:36:54.029480Z,0.00,,,2026-09-07T14:46:54.029480Z,2026-09-07T14:46:54.029480Z
69,69,SIM-b393c64e8e954bf989eaa20e79a29a80-26,CREDIT_CARD,APPROVED,2207.93,BRL,6,synthetic_gateway,2026-09-06T05:49:54.029480Z,2026-09-06T05:50:54.029480Z,0.00,,,2026-09-07T14:46:54.029480Z,2026-09-07T14:46:54.029480Z
70,70,SIM-b393c64e8e954bf989eaa20e79a29a80-27,PIX,APPROVED,1668.24,BRL,1,synthetic_gateway,2026-09-05T00:12:54.029480Z,2026-09-05T00:13:54.029480Z,0.00,,,2026-09-07T14:46:54.029480Z,2026-09-07T14:46:54.029480Z
71,71,SIM-b393c64e8e954bf989eaa20e79a29a80-28,CREDIT_CARD,APPROVED,2364.49,BRL,2,synthetic_gateway,2026-09-02T20:27:54.029480Z,2026-09-02T20:28:54.029480Z,0.00,,,2026-09-07T14:46:54.029480Z,2026-09-07T14:46:54.029480Z
72,72,SIM-b393c64e8e954bf989eaa20e79a29a80-29,PIX,APPROVED,609.36,BRL,1,synthetic_gateway,2026-09-04T13:45:54.029480Z,2026-09-04T13:46:54.029480Z,0.00,,,2026-09-07T14:46:54.029480Z,2026-09-07T14:46:54.029480Z
73,73,SIM-b393c64e8e954bf989eaa20e79a29a80-30,PIX,APPROVED,886.48,BRL,1,synthetic_gateway,2026-09-04T07:31:54.029480Z,2026-09-04T07:32:54.029480Z,0.00,,,2026-09-07T14:46:54.029480Z,2026-09-07T14:46:54.029480Z
74,74,SIM-b393c64e8e954bf989eaa20e79a29a80-31,PIX,APPROVED,983.01,BRL,1,synthetic_gateway,2026-09-05T16:28:54.029480Z,2026-09-05T16:29:54.029480Z,0.00,,,2026-09-07T14:46:54.029480Z,2026-09-07T14:46:54.029480Z
75,75,SIM-b393c64e8e954bf989eaa20e79a29a80-32,CREDIT_CARD,APPROVED,148.08,BRL,3,synthetic_gateway,2026-09-04T03:53:54.029480Z,2026-09-04T03:54:54.029480Z,0.00,,,2026-09-07T14:46:54.029480Z,2026-09-07T14:46:54.029480Z
76,76,SIM-b393c64e8e954bf989eaa20e79a29a80-33,CREDIT_CARD,APPROVED,1308.54,BRL,2,synthetic_gateway,2026-09-05T05:47:54.029480Z,2026-09-05T05:48:54.029480Z,0.00,,,2026-09-07T14:46:54.029480Z,2026-09-07T14:46:54.029480Z
77,77,SIM-b393c64e8e954bf989eaa20e79a29a80-34,CREDIT_CARD,APPROVED,1565.06,BRL,1,synthetic_gateway,2026-09-02T14:20:54.029480Z,2026-09-02T14:21:54.029480Z,0.00,,,2026-09-07T14:46:54.029480Z,2026-09-07T14:46:54.029480Z
78,78,SIM-b393c64e8e954bf989eaa20e79a29a80-35,CREDIT_CARD,APPROVED,2115.72,BRL,6,synthetic_gateway,2026-09-05T06:38:54.029480Z,2026-09-05T06:39:54.029480Z,0.00,,,2026-09-07T14:46:54.029480Z,2026-09-07T14:46:54.029480Z
79,79,SIM-b393c64e8e954bf989eaa20e79a29a80-36,CREDIT_CARD,APPROVED,1868.78,BRL,2,synthetic_gateway,2026-09-06T04:31:54.029480Z,2026-09-06T04:32:54.029480Z,0.00,,,2026-09-07T14:46:54.029480Z,2026-09-07T14:46:54.029480Z
80,80,SIM-b393c64e8e954bf989eaa20e79a29a80-37,PIX,APPROVED,888.36,BRL,1,synthetic_gateway,2026-09-06T01:07:54.029480Z,2026-09-06T01:08:54.029480Z,0.00,,,2026-09-07T14:46:54.029480Z,2026-09-07T14:46:54.029480Z
81,81,SIM-b393c64e8e954bf989eaa20e79a29a80-38,BOLETO,APPROVED,1162.98,BRL,1,synthetic_gateway,2026-09-03T05:24:54.029480Z,2026-09-03T05:25:54.029480Z,0.00,,,2026-09-07T14:46:54.029480Z,2026-09-07T14:46:54.029480Z
82,82,SIM-b393c64e8e954bf989eaa20e79a29a80-39,PIX,APPROVED,2034.87,BRL,1,synthetic_gateway,2026-09-05T16:03:54.029480Z,2026-09-05T16:04:54.029480Z,0.00,,,2026-09-07T14:46:54.029480Z,2026-09-07T14:46:54.029480Z
83,83,SIM-b393c64e8e954bf989eaa20e79a29a80-40,CREDIT_CARD,APPROVED,456.12,BRL,3,synthetic_gateway,2026-09-05T19:13:54.029480Z,2026-09-05T19:14:54.029480Z,0.00,,,2026-09-07T14:46:54.029480Z,2026-09-07T14:46:54.029480Z
84,84,SIM-b393c64e8e954bf989eaa20e79a29a80-41,PIX,APPROVED,1130.93,BRL,1,synthetic_gateway,2026-09-03T18:10:54.029480Z,2026-09-03T18:11:54.029480Z,0.00,,,2026-09-07T14:46:54.029480Z,2026-09-07T14:46:54.029480Z
85,85,SIM-b393c64e8e954bf989eaa20e79a29a80-42,PIX,APPROVED,823.43,BRL,1,synthetic_gateway,2026-09-05T19:15:54.029480Z,2026-09-05T19:16:54.029480Z,0.00,,,2026-09-07T14:46:54.029480Z,2026-09-07T14:46:54.029480Z
86,86,SIM-b393c64e8e954bf989eaa20e79a29a80-43,CREDIT_CARD,APPROVED,400.55,BRL,6,synthetic_gateway,2026-09-03T13:19:54.029480Z,2026-09-03T13:20:54.029480Z,0.00,,,2026-09-07T14:46:54.029480Z,2026-09-07T14:46:54.029480Z
87,87,SIM-b393c64e8e954bf989eaa20e79a29a80-44,CREDIT_CARD,APPROVED,1206.72,BRL,1,synthetic_gateway,2026-09-05T03:05:54.029480Z,2026-09-05T03:06:54.029480Z,0.00,,,2026-09-07T14:46:54.029480Z,2026-09-07T14:46:54.029480Z
88,88,SIM-b393c64e8e954bf989eaa20e79a29a80-45,CREDIT_CARD,APPROVED,329.00,BRL,6,synthetic_gateway,2026-09-04T08:05:54.029480Z,2026-09-04T08:06:54.029480Z,0.00,,,2026-09-07T14:46:54.029480Z,2026-09-07T14:46:54.029480Z
89,89,SIM-b393c64e8e954bf989eaa20e79a29a80-46,PIX,APPROVED,1094.76,BRL,1,synthetic_gateway,2026-09-05T11:27:54.029480Z,2026-09-05T11:28:54.029480Z,0.00,,,2026-09-07T14:46:54.029480Z,2026-09-07T14:46:54.029480Z
90,90,SIM-b393c64e8e954bf989eaa20e79a29a80-47,PIX,APPROVED,1101.61,BRL,1,synthetic_gateway,2026-09-04T20:32:54.029480Z,2026-09-04T20:33:54.029480Z,0.00,,,2026-09-07T14:46:54.029480Z,2026-09-07T14:46:54.029480Z
91,91,SIM-b393c64e8e954bf989eaa20e79a29a80-48,PIX,APPROVED,1353.25,BRL,1,synthetic_gateway,2026-09-04T02:23:54.029480Z,2026-09-04T02:24:54.029480Z,0.00,,,2026-09-07T14:46:54.029480Z,2026-09-07T14:46:54.029480Z
92,92,SIM-b393c64e8e954bf989eaa20e79a29a80-49,CREDIT_CARD,APPROVED,954.54,BRL,2,synthetic_gateway,2026-09-04T01:01:54.029480Z,2026-09-04T01:02:54.029480Z,0.00,,,2026-09-07T14:46:54.029480Z,2026-09-07T14:46:54.029480Z
93,93,SIM-b393c64e8e954bf989eaa20e79a29a80-50,PIX,APPROVED,2259.16,BRL,1,synthetic_gateway,2026-09-02T14:35:54.029480Z,2026-09-02T14:36:54.029480Z,0.00,,,2026-09-07T14:46:54.029480Z,2026-09-07T14:46:54.029480Z
94,94,SIM-b393c64e8e954bf989eaa20e79a29a80-51,PIX,APPROVED,2010.77,BRL,1,synthetic_gateway,2026-09-04T08:59:54.029480Z,2026-09-04T09:00:54.029480Z,0.00,,,2026-09-07T14:46:54.029480Z,2026-09-07T14:46:54.029480Z
95,95,SIM-b393c64e8e954bf989eaa20e79a29a80-52,PIX,APPROVED,2459.05,BRL,1,synthetic_gateway,2026-09-04T22:49:54.029480Z,2026-09-04T22:50:54.029480Z,0.00,,,2026-09-07T14:46:54.029480Z,2026-09-07T14:46:54.029480Z
96,96,SIM-b393c64e8e954bf989eaa20e79a29a80-53,CREDIT_CARD,APPROVED,1568.68,BRL,3,synthetic_gateway,2026-09-03T16:00:54.029480Z,2026-09-03T16:01:54.029480Z,0.00,,,2026-09-07T14:46:54.029480Z,2026-09-07T14:46:54.029480Z
97,97,SIM-b393c64e8e954bf989eaa20e79a29a80-54,CREDIT_CARD,APPROVED,1051.59,BRL,1,synthetic_gateway,2026-09-04T02:46:54.029480Z,2026-09-04T02:47:54.029480Z,0.00,,,2026-09-07T14:46:54.029480Z,2026-09-07T14:46:54.029480Z
98,98,SIM-b393c64e8e954bf989eaa20e79a29a80-55,PIX,APPROVED,2475.51,BRL,1,synthetic_gateway,2026-09-06T14:02:54.029480Z,2026-09-06T14:03:54.029480Z,0.00,,,2026-09-07T14:46:54.029480Z,2026-09-07T14:46:54.029480Z
99,99,SIM-b393c64e8e954bf989eaa20e79a29a80-56,PIX,APPROVED,1047.51,BRL,1,synthetic_gateway,2026-09-05T08:59:54.029480Z,2026-09-05T09:00:54.029480Z,0.00,,,2026-09-07T14:46:54.029480Z,2026-09-07T14:46:54.029480Z
100,100,SIM-b393c64e8e954bf989eaa20e79a29a80-57,CREDIT_CARD,APPROVED,512.44,BRL,3,synthetic_gateway,2026-09-03T20:28:54.029480Z,2026-09-03T20:29:54.029480Z,0.00,,,2026-09-07T14:46:54.029480Z,2026-09-07T14:46:54.029480Z
101,101,SIM-b393c64e8e954bf989eaa20e79a29a80-58,CREDIT_CARD,APPROVED,1167.96,BRL,1,synthetic_gateway,2026-09-03T18:22:54.029480Z,2026-09-03T18:23:54.029480Z,0.00,,,2026-09-07T14:46:54.029480Z,2026-09-07T14:46:54.029480Z
102,102,SIM-b393c64e8e954bf989eaa20e79a29a80-59,PIX,APPROVED,2401.26,BRL,1,synthetic_gateway,2026-09-03T01:41:54.029480Z,2026-09-03T01:42:54.029480Z,0.00,,,2026-09-07T14:46:54.029480Z,2026-09-07T14:46:54.029480Z
103,103,SIM-b393c64e8e954bf989eaa20e79a29a80-60,CREDIT_CARD,APPROVED,1134.55,BRL,1,synthetic_gateway,2026-09-06T04:03:54.029480Z,2026-09-06T04:04:54.029480Z,0.00,,,2026-09-07T14:46:54.029480Z,2026-09-07T14:46:54.029480Z
104,104,SIM-b393c64e8e954bf989eaa20e79a29a80-61,CREDIT_CARD,DECLINED,1850.02,BRL,1,synthetic_gateway,,,0.00,PAYMENT_DECLINED,Pagamento não autorizado na simulação,2026-09-07T14:46:54.029480Z,2026-09-07T14:46:54.029480Z
105,105,SIM-b393c64e8e954bf989eaa20e79a29a80-62,PIX,APPROVED,1962.48,BRL,1,synthetic_gateway,2026-09-04T18:48:54.029480Z,2026-09-04T18:49:54.029480Z,0.00,,,2026-09-07T14:46:54.029480Z,2026-09-07T14:46:54.029480Z
106,106,SIM-b393c64e8e954bf989eaa20e79a29a80-63,PIX,APPROVED,676.53,BRL,1,synthetic_gateway,2026-09-02T23:33:54.029480Z,2026-09-02T23:34:54.029480Z,0.00,,,2026-09-07T14:46:54.029480Z,2026-09-07T14:46:54.029480Z
107,107,SIM-b393c64e8e954bf989eaa20e79a29a80-64,CREDIT_CARD,APPROVED,2460.74,BRL,6,synthetic_gateway,2026-09-04T14:01:54.029480Z,2026-09-04T14:02:54.029480Z,0.00,,,2026-09-07T14:46:54.029480Z,2026-09-07T14:46:54.029480Z
108,108,SIM-b393c64e8e954bf989eaa20e79a29a80-65,BOLETO,APPROVED,2474.28,BRL,1,synthetic_gateway,2026-09-05T03:08:54.029480Z,2026-09-05T03:09:54.029480Z,0.00,,,2026-09-07T14:46:54.029480Z,2026-09-07T14:46:54.029480Z
109,109,SIM-b393c64e8e954bf989eaa20e79a29a80-66,PIX,APPROVED,1246.92,BRL,1,synthetic_gateway,2026-09-02T17:51:54.029480Z,2026-09-02T17:52:54.029480Z,0.00,,,2026-09-07T14:46:54.029480Z,2026-09-07T14:46:54.029480Z
110,110,SIM-b393c64e8e954bf989eaa20e79a29a80-67,PIX,APPROVED,528.66,BRL,1,synthetic_gateway,2026-09-02T17:29:54.029480Z,2026-09-02T17:30:54.029480Z,0.00,,,2026-09-07T14:46:54.029480Z,2026-09-07T14:46:54.029480Z
111,111,SIM-b393c64e8e954bf989eaa20e79a29a80-68,CREDIT_CARD,APPROVED,343.99,BRL,6,synthetic_gateway,2026-09-04T17:04:54.029480Z,2026-09-04T17:05:54.029480Z,0.00,,,2026-09-07T14:46:54.029480Z,2026-09-07T14:46:54.029480Z
112,112,SIM-b393c64e8e954bf989eaa20e79a29a80-69,CREDIT_CARD,APPROVED,178.97,BRL,6,synthetic_gateway,2026-09-04T16:37:54.029480Z,2026-09-04T16:38:54.029480Z,0.00,,,2026-09-07T14:46:54.029480Z,2026-09-07T14:46:54.029480Z
113,113,SIM-b393c64e8e954bf989eaa20e79a29a80-70,PIX,APPROVED,2367.70,BRL,1,synthetic_gateway,2026-09-06T12:11:54.029480Z,2026-09-06T12:12:54.029480Z,0.00,,,2026-09-07T14:46:54.029480Z,2026-09-07T14:46:54.029480Z
114,114,SIM-b393c64e8e954bf989eaa20e79a29a80-71,CREDIT_CARD,DECLINED,731.76,BRL,1,synthetic_gateway,,,0.00,PAYMENT_DECLINED,Pagamento não autorizado na simulação,2026-09-07T14:46:54.029480Z,2026-09-07T14:46:54.029480Z
115,115,SIM-b393c64e8e954bf989eaa20e79a29a80-72,CREDIT_CARD,APPROVED,883.44,BRL,2,synthetic_gateway,2026-09-06T13:39:54.029480Z,2026-09-06T13:40:54.029480Z,0.00,,,2026-09-07T14:46:54.029480Z,2026-09-07T14:46:54.029480Z
116,116,SIM-b393c64e8e954bf989eaa20e79a29a80-73,PIX,DECLINED,104.17,BRL,1,synthetic_gateway,,,0.00,PAYMENT_DECLINED,Pagamento não autorizado na simulação,2026-09-07T14:46:54.029480Z,2026-09-07T14:46:54.029480Z
117,117,SIM-b393c64e8e954bf989eaa20e79a29a80-74,CREDIT_CARD,APPROVED,1893.35,BRL,2,synthetic_gateway,2026-09-04T09:39:54.029480Z,2026-09-04T09:40:54.029480Z,0.00,,,2026-09-07T14:46:54.029480Z,2026-09-07T14:46:54.029480Z
118,118,SIM-b393c64e8e954bf989eaa20e79a29a80-75,PIX,APPROVED,1273.66,BRL,1,synthetic_gateway,2026-09-05T21:14:54.029480Z,2026-09-05T21:15:54.029480Z,0.00,,,2026-09-07T14:46:54.029480Z,2026-09-07T14:46:54.029480Z
119,119,SIM-b393c64e8e954bf989eaa20e79a29a80-76,CREDIT_CARD,APPROVED,1155.92,BRL,6,synthetic_gateway,2026-09-06T01:30:54.029480Z,2026-09-06T01:31:54.029480Z,0.00,,,2026-09-07T14:46:54.029480Z,2026-09-07T14:46:54.029480Z
120,120,SIM-b393c64e8e954bf989eaa20e79a29a80-77,PIX,APPROVED,1288.65,BRL,1,synthetic_gateway,2026-09-03T03:41:54.029480Z,2026-09-03T03:42:54.029480Z,0.00,,,2026-09-07T14:46:54.029480Z,2026-09-07T14:46:54.029480Z
121,121,SIM-b393c64e8e954bf989eaa20e79a29a80-78,CREDIT_CARD,APPROVED,2248.89,BRL,3,synthetic_gateway,2026-09-06T12:53:54.029480Z,2026-09-06T12:54:54.029480Z,0.00,,,2026-09-07T14:46:54.029480Z,2026-09-07T14:46:54.029480Z
122,122,SIM-b393c64e8e954bf989eaa20e79a29a80-79,BOLETO,APPROVED,236.22,BRL,1,synthetic_gateway,2026-09-04T02:15:54.029480Z,2026-09-04T02:16:54.029480Z,0.00,,,2026-09-07T14:46:54.029480Z,2026-09-07T14:46:54.029480Z
123,123,SIM-b393c64e8e954bf989eaa20e79a29a80-80,PIX,APPROVED,950.49,BRL,1,synthetic_gateway,2026-09-03T14:02:54.029480Z,2026-09-03T14:03:54.029480Z,0.00,,,2026-09-07T14:46:54.029480Z,2026-09-07T14:46:54.029480Z
124,124,SIM-b393c64e8e954bf989eaa20e79a29a80-81,PIX,APPROVED,1541.21,BRL,1,synthetic_gateway,2026-09-05T06:34:54.029480Z,2026-09-05T06:35:54.029480Z,0.00,,,2026-09-07T14:46:54.029480Z,2026-09-07T14:46:54.029480Z
125,125,SIM-b393c64e8e954bf989eaa20e79a29a80-82,PIX,APPROVED,2113.36,BRL,1,synthetic_gateway,2026-09-03T23:00:54.029480Z,2026-09-03T23:01:54.029480Z,0.00,,,2026-09-07T14:46:54.029480Z,2026-09-07T14:46:54.029480Z
126,126,SIM-b393c64e8e954bf989eaa20e79a29a80-83,CREDIT_CARD,APPROVED,1799.01,BRL,1,synthetic_gateway,2026-09-03T06:09:54.029480Z,2026-09-03T06:10:54.029480Z,0.00,,,2026-09-07T14:46:54.029480Z,2026-09-07T14:46:54.029480Z
127,127,SIM-b393c64e8e954bf989eaa20e79a29a80-84,CREDIT_CARD,APPROVED,306.83,BRL,6,synthetic_gateway,2026-09-02T17:43:54.029480Z,2026-09-02T17:44:54.029480Z,0.00,,,2026-09-07T14:46:54.029480Z,2026-09-07T14:46:54.029480Z
128,128,SIM-b393c64e8e954bf989eaa20e79a29a80-85,CREDIT_CARD,APPROVED,1169.53,BRL,2,synthetic_gateway,2026-09-03T02:40:54.029480Z,2026-09-03T02:41:54.029480Z,0.00,,,2026-09-07T14:46:54.029480Z,2026-09-07T14:46:54.029480Z
129,129,SIM-b393c64e8e954bf989eaa20e79a29a80-86,CREDIT_CARD,APPROVED,1482.22,BRL,6,synthetic_gateway,2026-09-04T10:17:54.029480Z,2026-09-04T10:18:54.029480Z,0.00,,,2026-09-07T14:46:54.029480Z,2026-09-07T14:46:54.029480Z
130,130,SIM-b393c64e8e954bf989eaa20e79a29a80-87,PIX,APPROVED,2274.08,BRL,1,synthetic_gateway,2026-09-03T17:37:54.029480Z,2026-09-03T17:38:54.029480Z,0.00,,,2026-09-07T14:46:54.029480Z,2026-09-07T14:46:54.029480Z
131,131,SIM-b393c64e8e954bf989eaa20e79a29a80-88,CREDIT_CARD,APPROVED,1478.85,BRL,6,synthetic_gateway,2026-09-03T10:21:54.029480Z,2026-09-03T10:22:54.029480Z,0.00,,,2026-09-07T14:46:54.029480Z,2026-09-07T14:46:54.029480Z
132,132,SIM-b393c64e8e954bf989eaa20e79a29a80-89,PIX,APPROVED,805.99,BRL,1,synthetic_gateway,2026-09-03T05:20:54.029480Z,2026-09-03T05:21:54.029480Z,0.00,,,2026-09-07T14:46:54.029480Z,2026-09-07T14:46:54.029480Z
133,133,SIM-b393c64e8e954bf989eaa20e79a29a80-90,CREDIT_CARD,APPROVED,761.96,BRL,6,synthetic_gateway,2026-09-03T22:48:54.029480Z,2026-09-03T22:49:54.029480Z,0.00,,,2026-09-07T14:46:54.029480Z,2026-09-07T14:46:54.029480Z
134,134,SIM-b393c64e8e954bf989eaa20e79a29a80-91,CREDIT_CARD,APPROVED,2461.27,BRL,1,synthetic_gateway,2026-09-06T05:52:54.029480Z,2026-09-06T05:53:54.029480Z,0.00,,,2026-09-07T14:46:54.029480Z,2026-09-07T14:46:54.029480Z
135,135,SIM-b393c64e8e954bf989eaa20e79a29a80-92,PIX,APPROVED,1137.10,BRL,1,synthetic_gateway,2026-09-03T20:41:54.029480Z,2026-09-03T20:42:54.029480Z,0.00,,,2026-09-07T14:46:54.029480Z,2026-09-07T14:46:54.029480Z
136,136,SIM-b393c64e8e954bf989eaa20e79a29a80-93,PIX,APPROVED,2373.12,BRL,1,synthetic_gateway,2026-09-02T18:37:54.029480Z,2026-09-02T18:38:54.029480Z,0.00,,,2026-09-07T14:46:54.029480Z,2026-09-07T14:46:54.029480Z
137,137,SIM-b393c64e8e954bf989eaa20e79a29a80-94,CREDIT_CARD,APPROVED,2165.63,BRL,1,synthetic_gateway,2026-09-05T04:05:54.029480Z,2026-09-05T04:06:54.029480Z,0.00,,,2026-09-07T14:46:54.029480Z,2026-09-07T14:46:54.029480Z
138,138,SIM-b393c64e8e954bf989eaa20e79a29a80-95,CREDIT_CARD,APPROVED,1281.41,BRL,6,synthetic_gateway,2026-09-02T19:06:54.029480Z,2026-09-02T19:07:54.029480Z,0.00,,,2026-09-07T14:46:54.029480Z,2026-09-07T14:46:54.029480Z
139,139,SIM-b393c64e8e954bf989eaa20e79a29a80-96,PIX,APPROVED,1949.91,BRL,1,synthetic_gateway,2026-09-05T16:02:54.029480Z,2026-09-05T16:03:54.029480Z,0.00,,,2026-09-07T14:46:54.029480Z,2026-09-07T14:46:54.029480Z
140,140,SIM-b393c64e8e954bf989eaa20e79a29a80-97,PIX,APPROVED,1597.05,BRL,1,synthetic_gateway,2026-09-03T20:09:54.029480Z,2026-09-03T20:10:54.029480Z,0.00,,,2026-09-07T14:46:54.029480Z,2026-09-07T14:46:54.029480Z
141,141,SIM-b393c64e8e954bf989eaa20e79a29a80-98,CREDIT_CARD,APPROVED,1269.83,BRL,6,synthetic_gateway,2026-09-05T03:40:54.029480Z,2026-09-05T03:41:54.029480Z,0.00,,,2026-09-07T14:46:54.029480Z,2026-09-07T14:46:54.029480Z
142,142,SIM-b393c64e8e954bf989eaa20e79a29a80-99,PIX,APPROVED,63.74,BRL,1,synthetic_gateway,2026-09-03T08:43:54.029480Z,2026-09-03T08:44:54.029480Z,0.00,,,2026-09-07T14:46:54.029480Z,2026-09-07T14:46:54.029480Z
143,143,SIM-b393c64e8e954bf989eaa20e79a29a80-100,CREDIT_CARD,APPROVED,1731.48,BRL,3,synthetic_gateway,2026-09-05T05:58:54.029480Z,2026-09-05T05:59:54.029480Z,0.00,,,2026-09-07T14:46:54.029480Z,2026-09-07T14:46:54.029480Z
144,144,SIM-b393c64e8e954bf989eaa20e79a29a80-101,PIX,APPROVED,498.71,BRL,1,synthetic_gateway,2026-09-05T14:32:54.029480Z,2026-09-05T14:33:54.029480Z,0.00,,,2026-09-07T14:46:54.029480Z,2026-09-07T14:46:54.029480Z
145,145,SIM-b393c64e8e954bf989eaa20e79a29a80-102,CREDIT_CARD,APPROVED,218.36,BRL,2,synthetic_gateway,2026-09-04T16:57:54.029480Z,2026-09-04T16:58:54.029480Z,0.00,,,2026-09-07T14:46:54.029480Z,2026-09-07T14:46:54.029480Z
146,146,SIM-b393c64e8e954bf989eaa20e79a29a80-103,CREDIT_CARD,APPROVED,260.06,BRL,2,synthetic_gateway,2026-09-03T14:58:54.029480Z,2026-09-03T14:59:54.029480Z,0.00,,,2026-09-07T14:46:54.029480Z,2026-09-07T14:46:54.029480Z
147,147,SIM-b393c64e8e954bf989eaa20e79a29a80-104,CREDIT_CARD,APPROVED,746.92,BRL,2,synthetic_gateway,2026-09-06T10:20:54.029480Z,2026-09-06T10:21:54.029480Z,0.00,,,2026-09-07T14:46:54.029480Z,2026-09-07T14:46:54.029480Z
148,148,SIM-b393c64e8e954bf989eaa20e79a29a80-105,CREDIT_CARD,APPROVED,747.85,BRL,6,synthetic_gateway,2026-09-04T14:39:54.029480Z,2026-09-04T14:40:54.029480Z,0.00,,,2026-09-07T14:46:54.029480Z,2026-09-07T14:46:54.029480Z
149,149,SIM-b393c64e8e954bf989eaa20e79a29a80-106,PIX,APPROVED,2250.30,BRL,1,synthetic_gateway,2026-09-06T09:43:54.029480Z,2026-09-06T09:44:54.029480Z,0.00,,,2026-09-07T14:46:54.029480Z,2026-09-07T14:46:54.029480Z
150,150,SIM-b393c64e8e954bf989eaa20e79a29a80-107,PIX,APPROVED,1854.95,BRL,1,synthetic_gateway,2026-09-02T17:36:54.029480Z,2026-09-02T17:37:54.029480Z,0.00,,,2026-09-07T14:46:54.029480Z,2026-09-07T14:46:54.029480Z
151,151,SIM-b393c64e8e954bf989eaa20e79a29a80-108,CREDIT_CARD,APPROVED,1495.17,BRL,1,synthetic_gateway,2026-09-05T15:32:54.029480Z,2026-09-05T15:33:54.029480Z,0.00,,,2026-09-07T14:46:54.029480Z,2026-09-07T14:46:54.029480Z
152,152,SIM-b393c64e8e954bf989eaa20e79a29a80-109,PIX,APPROVED,1980.63,BRL,1,synthetic_gateway,2026-09-02T19:41:54.029480Z,2026-09-02T19:42:54.029480Z,0.00,,,2026-09-07T14:46:54.029480Z,2026-09-07T14:46:54.029480Z
153,153,SIM-b393c64e8e954bf989eaa20e79a29a80-110,PIX,APPROVED,2444.28,BRL,1,synthetic_gateway,2026-09-05T03:03:54.029480Z,2026-09-05T03:04:54.029480Z,0.00,,,2026-09-07T14:46:54.029480Z,2026-09-07T14:46:54.029480Z
154,154,SIM-b393c64e8e954bf989eaa20e79a29a80-111,BOLETO,APPROVED,1777.88,BRL,1,synthetic_gateway,2026-09-04T14:06:54.029480Z,2026-09-04T14:07:54.029480Z,0.00,,,2026-09-07T14:46:54.029480Z,2026-09-07T14:46:54.029480Z
155,155,SIM-b393c64e8e954bf989eaa20e79a29a80-112,PIX,APPROVED,1068.37,BRL,1,synthetic_gateway,2026-09-03T06:32:54.029480Z,2026-09-03T06:33:54.029480Z,0.00,,,2026-09-07T14:46:54.029480Z,2026-09-07T14:46:54.029480Z
156,156,SIM-b393c64e8e954bf989eaa20e79a29a80-113,CREDIT_CARD,APPROVED,752.68,BRL,3,synthetic_gateway,2026-09-05T03:06:54.029480Z,2026-09-05T03:07:54.029480Z,0.00,,,2026-09-07T14:46:54.029480Z,2026-09-07T14:46:54.029480Z
157,157,SIM-b393c64e8e954bf989eaa20e79a29a80-114,CREDIT_CARD,APPROVED,197.90,BRL,1,synthetic_gateway,2026-09-03T02:17:54.029480Z,2026-09-03T02:18:54.029480Z,0.00,,,2026-09-07T14:46:54.029480Z,2026-09-07T14:46:54.029480Z
158,158,SIM-b393c64e8e954bf989eaa20e79a29a80-115,PIX,APPROVED,727.92,BRL,1,synthetic_gateway,2026-09-03T03:07:54.029480Z,2026-09-03T03:08:54.029480Z,0.00,,,2026-09-07T14:46:54.029480Z,2026-09-07T14:46:54.029480Z
159,159,SIM-b393c64e8e954bf989eaa20e79a29a80-116,PIX,APPROVED,1695.44,BRL,1,synthetic_gateway,2026-09-05T02:10:54.029480Z,2026-09-05T02:11:54.029480Z,0.00,,,2026-09-07T14:46:54.029480Z,2026-09-07T14:46:54.029480Z
160,160,SIM-b393c64e8e954bf989eaa20e79a29a80-117,CREDIT_CARD,APPROVED,1518.03,BRL,3,synthetic_gateway,2026-09-04T12:16:54.029480Z,2026-09-04T12:17:54.029480Z,0.00,,,2026-09-07T14:46:54.029480Z,2026-09-07T14:46:54.029480Z
161,161,SIM-b393c64e8e954bf989eaa20e79a29a80-118,CREDIT_CARD,APPROVED,148.28,BRL,1,synthetic_gateway,2026-09-04T04:24:54.029480Z,2026-09-04T04:25:54.029480Z,0.00,,,2026-09-07T14:46:54.029480Z,2026-09-07T14:46:54.029480Z
162,162,SIM-b393c64e8e954bf989eaa20e79a29a80-119,PIX,APPROVED,2244.30,BRL,1,synthetic_gateway,2026-09-04T22:38:54.029480Z,2026-09-04T22:39:54.029480Z,0.00,,,2026-09-07T14:46:54.029480Z,2026-09-07T14:46:54.029480Z
163,163,SIM-b393c64e8e954bf989eaa20e79a29a80-120,CREDIT_CARD,APPROVED,2274.09,BRL,1,synthetic_gateway,2026-09-05T18:08:54.029480Z,2026-09-05T18:09:54.029480Z,0.00,,,2026-09-07T14:46:54.029480Z,2026-09-07T14:46:54.029480Z
164,164,SIM-b393c64e8e954bf989eaa20e79a29a80-121,PIX,APPROVED,663.62,BRL,1,synthetic_gateway,2026-09-05T14:46:54.029480Z,2026-09-05T14:47:54.029480Z,0.00,,,2026-09-07T14:46:54.029480Z,2026-09-07T14:46:54.029480Z
165,165,SIM-b393c64e8e954bf989eaa20e79a29a80-122,CREDIT_CARD,APPROVED,119.82,BRL,3,synthetic_gateway,2026-09-03T04:12:54.029480Z,2026-09-03T04:13:54.029480Z,0.00,,,2026-09-07T14:46:54.029480Z,2026-09-07T14:46:54.029480Z
166,166,SIM-b393c64e8e954bf989eaa20e79a29a80-123,PIX,APPROVED,1832.09,BRL,1,synthetic_gateway,2026-09-04T14:11:54.029480Z,2026-09-04T14:12:54.029480Z,0.00,,,2026-09-07T14:46:54.029480Z,2026-09-07T14:46:54.029480Z
167,167,SIM-b393c64e8e954bf989eaa20e79a29a80-124,CREDIT_CARD,DECLINED,306.03,BRL,6,synthetic_gateway,,,0.00,PAYMENT_DECLINED,Pagamento não autorizado na simulação,2026-09-07T14:46:54.029480Z,2026-09-07T14:46:54.029480Z
168,168,SIM-b393c64e8e954bf989eaa20e79a29a80-125,CREDIT_CARD,APPROVED,630.31,BRL,1,synthetic_gateway,2026-09-06T11:23:54.029480Z,2026-09-06T11:24:54.029480Z,0.00,,,2026-09-07T14:46:54.029480Z,2026-09-07T14:46:54.029480Z
169,169,SIM-b393c64e8e954bf989eaa20e79a29a80-126,CREDIT_CARD,APPROVED,961.20,BRL,1,synthetic_gateway,2026-09-03T21:05:54.029480Z,2026-09-03T21:06:54.029480Z,0.00,,,2026-09-07T14:46:54.029480Z,2026-09-07T14:46:54.029480Z
170,170,SIM-b393c64e8e954bf989eaa20e79a29a80-127,CREDIT_CARD,APPROVED,2410.88,BRL,6,synthetic_gateway,2026-09-02T21:34:54.029480Z,2026-09-02T21:35:54.029480Z,0.00,,,2026-09-07T14:46:54.029480Z,2026-09-07T14:46:54.029480Z
171,171,SIM-b393c64e8e954bf989eaa20e79a29a80-128,PIX,APPROVED,746.07,BRL,1,synthetic_gateway,2026-09-03T03:55:54.029480Z,2026-09-03T03:56:54.029480Z,0.00,,,2026-09-07T14:46:54.029480Z,2026-09-07T14:46:54.029480Z
172,172,SIM-b393c64e8e954bf989eaa20e79a29a80-129,BOLETO,APPROVED,2162.82,BRL,1,synthetic_gateway,2026-09-03T07:16:54.029480Z,2026-09-03T07:17:54.029480Z,0.00,,,2026-09-07T14:46:54.029480Z,2026-09-07T14:46:54.029480Z
173,173,SIM-b393c64e8e954bf989eaa20e79a29a80-130,CREDIT_CARD,APPROVED,1933.44,BRL,3,synthetic_gateway,2026-09-04T09:25:54.029480Z,2026-09-04T09:26:54.029480Z,0.00,,,2026-09-07T14:46:54.029480Z,2026-09-07T14:46:54.029480Z
174,174,SIM-b393c64e8e954bf989eaa20e79a29a80-131,PIX,APPROVED,253.62,BRL,1,synthetic_gateway,2026-09-04T13:32:54.029480Z,2026-09-04T13:33:54.029480Z,0.00,,,2026-09-07T14:46:54.029480Z,2026-09-07T14:46:54.029480Z
175,175,SIM-b393c64e8e954bf989eaa20e79a29a80-132,BOLETO,APPROVED,1644.26,BRL,1,synthetic_gateway,2026-09-06T02:23:54.029480Z,2026-09-06T02:24:54.029480Z,0.00,,,2026-09-07T14:46:54.029480Z,2026-09-07T14:46:54.029480Z
176,176,SIM-b393c64e8e954bf989eaa20e79a29a80-133,CREDIT_CARD,APPROVED,359.55,BRL,2,synthetic_gateway,2026-09-03T07:58:54.029480Z,2026-09-03T07:59:54.029480Z,0.00,,,2026-09-07T14:46:54.029480Z,2026-09-07T14:46:54.029480Z
177,177,SIM-b393c64e8e954bf989eaa20e79a29a80-134,PIX,APPROVED,656.41,BRL,1,synthetic_gateway,2026-09-04T00:19:54.029480Z,2026-09-04T00:20:54.029480Z,0.00,,,2026-09-07T14:46:54.029480Z,2026-09-07T14:46:54.029480Z
178,178,SIM-b393c64e8e954bf989eaa20e79a29a80-135,CREDIT_CARD,APPROVED,852.65,BRL,2,synthetic_gateway,2026-09-03T06:03:54.029480Z,2026-09-03T06:04:54.029480Z,0.00,,,2026-09-07T14:46:54.029480Z,2026-09-07T14:46:54.029480Z
179,179,SIM-b393c64e8e954bf989eaa20e79a29a80-136,PIX,APPROVED,2381.87,BRL,1,synthetic_gateway,2026-09-03T01:27:54.029480Z,2026-09-03T01:28:54.029480Z,0.00,,,2026-09-07T14:46:54.029480Z,2026-09-07T14:46:54.029480Z
180,180,SIM-b393c64e8e954bf989eaa20e79a29a80-137,PIX,APPROVED,1433.53,BRL,1,synthetic_gateway,2026-09-06T14:40:54.029480Z,2026-09-06T14:41:54.029480Z,0.00,,,2026-09-07T14:46:54.029480Z,2026-09-07T14:46:54.029480Z
181,181,SIM-b393c64e8e954bf989eaa20e79a29a80-138,PIX,APPROVED,1118.87,BRL,1,synthetic_gateway,2026-09-04T00:59:54.029480Z,2026-09-04T01:00:54.029480Z,0.00,,,2026-09-07T14:46:54.029480Z,2026-09-07T14:46:54.029480Z
182,182,SIM-b393c64e8e954bf989eaa20e79a29a80-139,BOLETO,APPROVED,789.65,BRL,1,synthetic_gateway,2026-09-03T07:20:54.029480Z,2026-09-03T07:21:54.029480Z,0.00,,,2026-09-07T14:46:54.029480Z,2026-09-07T14:46:54.029480Z
183,183,SIM-b393c64e8e954bf989eaa20e79a29a80-140,PIX,APPROVED,2054.39,BRL,1,synthetic_gateway,2026-09-04T06:46:54.029480Z,2026-09-04T06:47:54.029480Z,0.00,,,2026-09-07T14:46:54.029480Z,2026-09-07T14:46:54.029480Z
184,184,SIM-b393c64e8e954bf989eaa20e79a29a80-141,CREDIT_CARD,APPROVED,770.54,BRL,2,synthetic_gateway,2026-09-06T03:42:54.029480Z,2026-09-06T03:43:54.029480Z,0.00,,,2026-09-07T14:46:54.029480Z,2026-09-07T14:46:54.029480Z
185,185,SIM-b393c64e8e954bf989eaa20e79a29a80-142,PIX,APPROVED,1003.07,BRL,1,synthetic_gateway,2026-09-05T03:04:54.029480Z,2026-09-05T03:05:54.029480Z,0.00,,,2026-09-07T14:46:54.029480Z,2026-09-07T14:46:54.029480Z
186,186,SIM-b393c64e8e954bf989eaa20e79a29a80-143,CREDIT_CARD,APPROVED,664.16,BRL,2,synthetic_gateway,2026-09-02T18:29:54.029480Z,2026-09-02T18:30:54.029480Z,0.00,,,2026-09-07T14:46:54.029480Z,2026-09-07T14:46:54.029480Z
187,187,SIM-b393c64e8e954bf989eaa20e79a29a80-144,CREDIT_CARD,APPROVED,637.79,BRL,1,synthetic_gateway,2026-09-04T05:38:54.029480Z,2026-09-04T05:39:54.029480Z,0.00,,,2026-09-07T14:46:54.029480Z,2026-09-07T14:46:54.029480Z
188,188,SIM-b393c64e8e954bf989eaa20e79a29a80-145,CREDIT_CARD,APPROVED,1354.68,BRL,1,synthetic_gateway,2026-09-02T17:55:54.029480Z,2026-09-02T17:56:54.029480Z,0.00,,,2026-09-07T14:46:54.029480Z,2026-09-07T14:46:54.029480Z
189,189,SIM-b393c64e8e954bf989eaa20e79a29a80-146,PIX,APPROVED,1484.68,BRL,1,synthetic_gateway,2026-09-03T00:36:54.029480Z,2026-09-03T00:37:54.029480Z,0.00,,,2026-09-07T14:46:54.029480Z,2026-09-07T14:46:54.029480Z
190,190,SIM-b393c64e8e954bf989eaa20e79a29a80-147,CREDIT_CARD,APPROVED,1754.93,BRL,2,synthetic_gateway,2026-09-03T17:20:54.029480Z,2026-09-03T17:21:54.029480Z,0.00,,,2026-09-07T14:46:54.029480Z,2026-09-07T14:46:54.029480Z
191,191,SIM-b393c64e8e954bf989eaa20e79a29a80-148,CREDIT_CARD,APPROVED,40.32,BRL,1,synthetic_gateway,2026-09-03T00:20:54.029480Z,2026-09-03T00:21:54.029480Z,0.00,,,2026-09-07T14:46:54.029480Z,2026-09-07T14:46:54.029480Z
192,192,SIM-b393c64e8e954bf989eaa20e79a29a80-149,CREDIT_CARD,APPROVED,2407.91,BRL,6,synthetic_gateway,2026-09-05T03:49:54.029480Z,2026-09-05T03:50:54.029480Z,0.00,,,2026-09-07T14:46:54.029480Z,2026-09-07T14:46:54.029480Z
193,193,SIM-b393c64e8e954bf989eaa20e79a29a80-150,PIX,APPROVED,1810.08,BRL,1,synthetic_gateway,2026-09-03T00:02:54.029480Z,2026-09-03T00:03:54.029480Z,0.00,,,2026-09-07T14:46:54.029480Z,2026-09-07T14:46:54.029480Z
194,194,SIM-b393c64e8e954bf989eaa20e79a29a80-151,CREDIT_CARD,APPROVED,1866.51,BRL,2,synthetic_gateway,2026-09-06T04:31:54.029480Z,2026-09-06T04:32:54.029480Z,0.00,,,2026-09-07T14:46:54.029480Z,2026-09-07T14:46:54.029480Z
195,195,SIM-b393c64e8e954bf989eaa20e79a29a80-152,PIX,APPROVED,633.68,BRL,1,synthetic_gateway,2026-09-04T22:30:54.029480Z,2026-09-04T22:31:54.029480Z,0.00,,,2026-09-07T14:46:54.029480Z,2026-09-07T14:46:54.029480Z
196,196,SIM-b393c64e8e954bf989eaa20e79a29a80-153,CREDIT_CARD,APPROVED,1109.98,BRL,6,synthetic_gateway,2026-09-03T01:40:54.029480Z,2026-09-03T01:41:54.029480Z,0.00,,,2026-09-07T14:46:54.029480Z,2026-09-07T14:46:54.029480Z
197,197,SIM-b393c64e8e954bf989eaa20e79a29a80-154,CREDIT_CARD,APPROVED,1782.25,BRL,1,synthetic_gateway,2026-09-05T07:40:54.029480Z,2026-09-05T07:41:54.029480Z,0.00,,,2026-09-07T14:46:54.029480Z,2026-09-07T14:46:54.029480Z
198,198,SIM-b393c64e8e954bf989eaa20e79a29a80-155,CREDIT_CARD,APPROVED,830.37,BRL,3,synthetic_gateway,2026-09-02T21:48:54.029480Z,2026-09-02T21:49:54.029480Z,0.00,,,2026-09-07T14:46:54.029480Z,2026-09-07T14:46:54.029480Z
199,199,SIM-b393c64e8e954bf989eaa20e79a29a80-156,PIX,APPROVED,1251.35,BRL,1,synthetic_gateway,2026-09-05T03:30:54.029480Z,2026-09-05T03:31:54.029480Z,0.00,,,2026-09-07T14:46:54.029480Z,2026-09-07T14:46:54.029480Z
200,200,SIM-b393c64e8e954bf989eaa20e79a29a80-157,CREDIT_CARD,APPROVED,1469.26,BRL,1,synthetic_gateway,2026-09-04T06:57:54.029480Z,2026-09-04T06:58:54.029480Z,0.00,,,2026-09-07T14:46:54.029480Z,2026-09-07T14:46:54.029480Z
201,201,SIM-b393c64e8e954bf989eaa20e79a29a80-158,CREDIT_CARD,APPROVED,2087.25,BRL,1,synthetic_gateway,2026-09-03T08:17:54.029480Z,2026-09-03T08:18:54.029480Z,0.00,,,2026-09-07T14:46:54.029480Z,2026-09-07T14:46:54.029480Z
202,202,SIM-b393c64e8e954bf989eaa20e79a29a80-159,PIX,APPROVED,1969.07,BRL,1,synthetic_gateway,2026-09-03T07:53:54.029480Z,2026-09-03T07:54:54.029480Z,0.00,,,2026-09-07T14:46:54.029480Z,2026-09-07T14:46:54.029480Z
203,203,SIM-b393c64e8e954bf989eaa20e79a29a80-160,PIX,DECLINED,2259.14,BRL,1,synthetic_gateway,,,0.00,PAYMENT_DECLINED,Pagamento não autorizado na simulação,2026-09-07T14:46:54.029480Z,2026-09-07T14:46:54.029480Z
204,204,SIM-b393c64e8e954bf989eaa20e79a29a80-161,PIX,APPROVED,120.89,BRL,1,synthetic_gateway,2026-09-04T01:18:54.029480Z,2026-09-04T01:19:54.029480Z,0.00,,,2026-09-07T14:46:54.029480Z,2026-09-07T14:46:54.029480Z
205,205,SIM-b393c64e8e954bf989eaa20e79a29a80-162,PIX,APPROVED,1945.25,BRL,1,synthetic_gateway,2026-09-04T11:30:54.029480Z,2026-09-04T11:31:54.029480Z,0.00,,,2026-09-07T14:46:54.029480Z,2026-09-07T14:46:54.029480Z
206,206,SIM-b393c64e8e954bf989eaa20e79a29a80-163,PIX,APPROVED,86.74,BRL,1,synthetic_gateway,2026-09-04T06:03:54.029480Z,2026-09-04T06:04:54.029480Z,0.00,,,2026-09-07T14:46:54.029480Z,2026-09-07T14:46:54.029480Z
207,207,SIM-b393c64e8e954bf989eaa20e79a29a80-164,PIX,APPROVED,1185.99,BRL,1,synthetic_gateway,2026-09-05T08:23:54.029480Z,2026-09-05T08:24:54.029480Z,0.00,,,2026-09-07T14:46:54.029480Z,2026-09-07T14:46:54.029480Z
208,208,SIM-b393c64e8e954bf989eaa20e79a29a80-165,CREDIT_CARD,APPROVED,794.65,BRL,3,synthetic_gateway,2026-09-05T22:05:54.029480Z,2026-09-05T22:06:54.029480Z,0.00,,,2026-09-07T14:46:54.029480Z,2026-09-07T14:46:54.029480Z
209,209,SIM-b393c64e8e954bf989eaa20e79a29a80-166,CREDIT_CARD,APPROVED,1120.80,BRL,6,synthetic_gateway,2026-09-05T13:33:54.029480Z,2026-09-05T13:34:54.029480Z,0.00,,,2026-09-07T14:46:54.029480Z,2026-09-07T14:46:54.029480Z
210,210,SIM-b393c64e8e954bf989eaa20e79a29a80-167,PIX,APPROVED,761.17,BRL,1,synthetic_gateway,2026-09-06T10:21:54.029480Z,2026-09-06T10:22:54.029480Z,0.00,,,2026-09-07T14:46:54.029480Z,2026-09-07T14:46:54.029480Z
211,211,SIM-b393c64e8e954bf989eaa20e79a29a80-168,CREDIT_CARD,APPROVED,1419.26,BRL,6,synthetic_gateway,2026-09-03T12:27:54.029480Z,2026-09-03T12:28:54.029480Z,0.00,,,2026-09-07T14:46:54.029480Z,2026-09-07T14:46:54.029480Z
212,212,SIM-b393c64e8e954bf989eaa20e79a29a80-169,PIX,APPROVED,284.08,BRL,1,synthetic_gateway,2026-09-03T18:40:54.029480Z,2026-09-03T18:41:54.029480Z,0.00,,,2026-09-07T14:46:54.029480Z,2026-09-07T14:46:54.029480Z
213,213,SIM-b393c64e8e954bf989eaa20e79a29a80-170,PIX,APPROVED,1705.32,BRL,1,synthetic_gateway,2026-09-06T14:42:54.029480Z,2026-09-06T14:43:54.029480Z,0.00,,,2026-09-07T14:46:54.029480Z,2026-09-07T14:46:54.029480Z
214,214,SIM-b393c64e8e954bf989eaa20e79a29a80-171,CREDIT_CARD,APPROVED,154.66,BRL,6,synthetic_gateway,2026-09-06T13:03:54.029480Z,2026-09-06T13:04:54.029480Z,0.00,,,2026-09-07T14:46:54.029480Z,2026-09-07T14:46:54.029480Z
215,215,SIM-b393c64e8e954bf989eaa20e79a29a80-172,PIX,APPROVED,1574.68,BRL,1,synthetic_gateway,2026-09-05T07:37:54.029480Z,2026-09-05T07:38:54.029480Z,0.00,,,2026-09-07T14:46:54.029480Z,2026-09-07T14:46:54.029480Z
216,216,SIM-b393c64e8e954bf989eaa20e79a29a80-173,PIX,APPROVED,1992.04,BRL,1,synthetic_gateway,2026-09-06T05:38:54.029480Z,2026-09-06T05:39:54.029480Z,0.00,,,2026-09-07T14:46:54.029480Z,2026-09-07T14:46:54.029480Z
217,217,SIM-b393c64e8e954bf989eaa20e79a29a80-174,PIX,APPROVED,960.89,BRL,1,synthetic_gateway,2026-09-06T03:19:54.029480Z,2026-09-06T03:20:54.029480Z,0.00,,,2026-09-07T14:46:54.029480Z,2026-09-07T14:46:54.029480Z
218,218,SIM-b393c64e8e954bf989eaa20e79a29a80-175,PIX,APPROVED,1084.24,BRL,1,synthetic_gateway,2026-09-05T10:43:54.029480Z,2026-09-05T10:44:54.029480Z,0.00,,,2026-09-07T14:46:54.029480Z,2026-09-07T14:46:54.029480Z
219,219,SIM-b393c64e8e954bf989eaa20e79a29a80-176,CREDIT_CARD,APPROVED,2315.18,BRL,3,synthetic_gateway,2026-09-05T03:40:54.029480Z,2026-09-05T03:41:54.029480Z,0.00,,,2026-09-07T14:46:54.029480Z,2026-09-07T14:46:54.029480Z
220,220,SIM-b393c64e8e954bf989eaa20e79a29a80-177,PIX,DECLINED,1119.41,BRL,1,synthetic_gateway,,,0.00,PAYMENT_DECLINED,Pagamento não autorizado na simulação,2026-09-07T14:46:54.029480Z,2026-09-07T14:46:54.029480Z
221,221,SIM-b393c64e8e954bf989eaa20e79a29a80-178,CREDIT_CARD,APPROVED,543.08,BRL,2,synthetic_gateway,2026-09-06T01:58:54.029480Z,2026-09-06T01:59:54.029480Z,0.00,,,2026-09-07T14:46:54.029480Z,2026-09-07T14:46:54.029480Z
222,222,SIM-b393c64e8e954bf989eaa20e79a29a80-179,CREDIT_CARD,APPROVED,709.55,BRL,3,synthetic_gateway,2026-09-03T14:40:54.029480Z,2026-09-03T14:41:54.029480Z,0.00,,,2026-09-07T14:46:54.029480Z,2026-09-07T14:46:54.029480Z
223,223,SIM-b393c64e8e954bf989eaa20e79a29a80-180,CREDIT_CARD,APPROVED,280.15,BRL,6,synthetic_gateway,2026-09-03T22:03:54.029480Z,2026-09-03T22:04:54.029480Z,0.00,,,2026-09-07T14:46:54.029480Z,2026-09-07T14:46:54.029480Z
224,224,SIM-b393c64e8e954bf989eaa20e79a29a80-181,CREDIT_CARD,APPROVED,340.56,BRL,2,synthetic_gateway,2026-09-06T12:41:54.029480Z,2026-09-06T12:42:54.029480Z,0.00,,,2026-09-07T14:46:54.029480Z,2026-09-07T14:46:54.029480Z
225,225,SIM-b393c64e8e954bf989eaa20e79a29a80-182,CREDIT_CARD,APPROVED,1242.71,BRL,1,synthetic_gateway,2026-09-04T21:55:54.029480Z,2026-09-04T21:56:54.029480Z,0.00,,,2026-09-07T14:46:54.029480Z,2026-09-07T14:46:54.029480Z
226,226,SIM-b393c64e8e954bf989eaa20e79a29a80-183,CREDIT_CARD,APPROVED,1000.66,BRL,6,synthetic_gateway,2026-09-03T16:14:54.029480Z,2026-09-03T16:15:54.029480Z,0.00,,,2026-09-07T14:46:54.029480Z,2026-09-07T14:46:54.029480Z
227,227,SIM-b393c64e8e954bf989eaa20e79a29a80-184,CREDIT_CARD,DECLINED,325.31,BRL,6,synthetic_gateway,,,0.00,PAYMENT_DECLINED,Pagamento não autorizado na simulação,2026-09-07T14:46:54.029480Z,2026-09-07T14:46:54.029480Z
228,228,SIM-b393c64e8e954bf989eaa20e79a29a80-185,PIX,APPROVED,1642.24,BRL,1,synthetic_gateway,2026-09-04T06:34:54.029480Z,2026-09-04T06:35:54.029480Z,0.00,,,2026-09-07T14:46:54.029480Z,2026-09-07T14:46:54.029480Z
229,6075,SIM-d1fb6ef60bc243edba5dfaa32d0c56fe-0,BOLETO,APPROVED,352.08,BRL,1,sim_gateway_horizonte,2026-09-07T17:39:53.170516Z,2026-09-07T17:40:53.170516Z,0.00,,,2026-09-07T17:47:12.083785Z,2026-09-07T17:47:12.083785Z
230,3188,SIM-d1fb6ef60bc243edba5dfaa32d0c56fe-1,CREDIT_CARD,APPROVED,246.86,BRL,6,sim_gateway_horizonte,2026-09-07T17:36:19.540560Z,2026-09-07T17:37:19.540560Z,0.00,,,2026-09-07T17:47:12.083785Z,2026-09-07T17:47:12.083785Z
231,5228,SIM-d1fb6ef60bc243edba5dfaa32d0c56fe-2,PIX,APPROVED,171.41,BRL,1,sim_gateway_integra,2026-09-07T17:39:52.799827Z,2026-09-07T17:40:52.799827Z,0.00,,,2026-09-07T17:47:12.083785Z,2026-09-07T17:47:12.083785Z
232,2376,SIM-d1fb6ef60bc243edba5dfaa32d0c56fe-3,PIX,APPROVED,106.44,BRL,1,sim_gateway_aurora,2026-09-07T17:36:19.540560Z,2026-09-07T17:37:19.540560Z,0.00,,,2026-09-07T17:47:12.083785Z,2026-09-07T17:47:12.083785Z
233,6664,SIM-d1fb6ef60bc243edba5dfaa32d0c56fe-4,BOLETO,APPROVED,409.58,BRL,1,sim_gateway_integra,2026-09-07T17:47:08.108509Z,2026-09-07T17:47:12.083785Z,0.00,,,2026-09-07T17:47:12.083785Z,2026-09-07T17:47:12.083785Z
234,6735,SIM-d1fb6ef60bc243edba5dfaa32d0c56fe-5,PIX,APPROVED,394.32,BRL,1,sim_gateway_aurora,2026-09-07T17:47:08.108509Z,2026-09-07T17:47:12.083785Z,0.00,,,2026-09-07T17:47:12.083785Z,2026-09-07T17:47:12.083785Z
235,4726,SIM-d1fb6ef60bc243edba5dfaa32d0c56fe-6,PIX,APPROVED,281.20,BRL,1,sim_gateway_aurora,2026-09-07T17:39:53.170516Z,2026-09-07T17:40:53.170516Z,0.00,,,2026-09-07T17:47:12.083785Z,2026-09-07T17:47:12.083785Z
236,4826,SIM-d1fb6ef60bc243edba5dfaa32d0c56fe-7,CREDIT_CARD,APPROVED,724.50,BRL,6,sim_gateway_aurora,2026-09-07T17:39:53.170516Z,2026-09-07T17:40:53.170516Z,0.00,,,2026-09-07T17:47:12.083785Z,2026-09-07T17:47:12.083785Z
237,4881,SIM-d1fb6ef60bc243edba5dfaa32d0c56fe-8,PIX,APPROVED,1307.24,BRL,1,sim_gateway_horizonte,2026-09-07T17:39:52.799827Z,2026-09-07T17:40:52.799827Z,0.00,,,2026-09-07T17:47:12.083785Z,2026-09-07T17:47:12.083785Z
238,3025,SIM-d1fb6ef60bc243edba5dfaa32d0c56fe-9,CREDIT_CARD,APPROVED,112.68,BRL,6,sim_gateway_integra,2026-09-07T17:36:19.540560Z,2026-09-07T17:37:19.540560Z,0.00,,,2026-09-07T17:47:12.083785Z,2026-09-07T17:47:12.083785Z
239,6069,SIM-d1fb6ef60bc243edba5dfaa32d0c56fe-10,CREDIT_CARD,PENDING,132.10,BRL,6,sim_gateway_horizonte,,,0.00,,,2026-09-07T17:47:12.083785Z,2026-09-07T17:47:12.083785Z
240,7353,SIM-d1fb6ef60bc243edba5dfaa32d0c56fe-11,CREDIT_CARD,APPROVED,392.67,BRL,2,sim_gateway_aurora,2026-09-07T17:47:08.108509Z,2026-09-07T17:47:12.083785Z,0.00,,,2026-09-07T17:47:12.083785Z,2026-09-07T17:47:12.083785Z
241,6561,SIM-d1fb6ef60bc243edba5dfaa32d0c56fe-12,PIX,APPROVED,457.39,BRL,1,sim_gateway_integra,2026-09-07T17:47:08.108509Z,2026-09-07T17:47:12.083785Z,0.00,,,2026-09-07T17:47:12.083785Z,2026-09-07T17:47:12.083785Z
242,7740,SIM-d1fb6ef60bc243edba5dfaa32d0c56fe-13,CREDIT_CARD,APPROVED,297.58,BRL,3,sim_gateway_horizonte,2026-09-07T17:39:53.170516Z,2026-09-07T17:40:53.170516Z,0.00,,,2026-09-07T17:47:12.083785Z,2026-09-07T17:47:12.083785Z
243,5652,SIM-d1fb6ef60bc243edba5dfaa32d0c56fe-14,BOLETO,APPROVED,337.59,BRL,1,sim_gateway_aurora,2026-09-07T17:36:19.540560Z,2026-09-07T17:37:19.540560Z,0.00,,,2026-09-07T17:47:12.083785Z,2026-09-07T17:47:12.083785Z
244,5790,SIM-d1fb6ef60bc243edba5dfaa32d0c56fe-15,CREDIT_CARD,APPROVED,274.09,BRL,1,sim_gateway_aurora,2026-09-07T17:39:53.170516Z,2026-09-07T17:40:53.170516Z,0.00,,,2026-09-07T17:47:12.083785Z,2026-09-07T17:47:12.083785Z
245,6445,SIM-d1fb6ef60bc243edba5dfaa32d0c56fe-16,CREDIT_CARD,PENDING,839.88,BRL,3,sim_gateway_integra,,,0.00,,,2026-09-07T17:47:12.083785Z,2026-09-07T17:47:12.083785Z
246,4418,SIM-d1fb6ef60bc243edba5dfaa32d0c56fe-17,PIX,APPROVED,372.80,BRL,1,sim_gateway_aurora,2026-09-07T17:39:53.170516Z,2026-09-07T17:40:53.170516Z,0.00,,,2026-09-07T17:47:12.083785Z,2026-09-07T17:47:12.083785Z
247,7513,SIM-d1fb6ef60bc243edba5dfaa32d0c56fe-18,PIX,APPROVED,145.45,BRL,1,sim_gateway_integra,2026-09-07T17:47:08.108509Z,2026-09-07T17:47:12.083785Z,0.00,,,2026-09-07T17:47:12.083785Z,2026-09-07T17:47:12.083785Z
248,6807,SIM-d1fb6ef60bc243edba5dfaa32d0c56fe-19,PIX,APPROVED,612.00,BRL,1,sim_gateway_aurora,2026-09-07T17:39:53.170516Z,2026-09-07T17:40:53.170516Z,0.00,,,2026-09-07T17:47:12.083785Z,2026-09-07T17:47:12.083785Z
249,7650,SIM-d1fb6ef60bc243edba5dfaa32d0c56fe-20,CREDIT_CARD,APPROVED,101.71,BRL,6,sim_gateway_aurora,2026-09-07T17:47:08.108509Z,2026-09-07T17:47:12.083785Z,0.00,,,2026-09-07T17:47:12.083785Z,2026-09-07T17:47:12.083785Z
250,7205,SIM-d1fb6ef60bc243edba5dfaa32d0c56fe-21,PIX,APPROVED,192.48,BRL,1,sim_gateway_integra,2026-09-07T17:47:08.108509Z,2026-09-07T17:47:12.083785Z,0.00,,,2026-09-07T17:47:12.083785Z,2026-09-07T17:47:12.083785Z
251,4666,SIM-d1fb6ef60bc243edba5dfaa32d0c56fe-22,BOLETO,APPROVED,145.64,BRL,1,sim_gateway_integra,2026-09-07T17:36:19.540560Z,2026-09-07T17:37:19.540560Z,0.00,,,2026-09-07T17:47:12.083785Z,2026-09-07T17:47:12.083785Z
252,2889,SIM-d1fb6ef60bc243edba5dfaa32d0c56fe-23,CREDIT_CARD,APPROVED,2153.21,BRL,2,sim_gateway_integra,2026-09-07T17:36:19.540560Z,2026-09-07T17:37:19.540560Z,0.00,,,2026-09-07T17:47:12.083785Z,2026-09-07T17:47:12.083785Z
253,7348,SIM-d1fb6ef60bc243edba5dfaa32d0c56fe-24,PIX,APPROVED,373.33,BRL,1,sim_gateway_integra,2026-09-07T17:47:08.108509Z,2026-09-07T17:47:12.083785Z,0.00,,,2026-09-07T17:47:12.083785Z,2026-09-07T17:47:12.083785Z
254,3624,SIM-d1fb6ef60bc243edba5dfaa32d0c56fe-25,PIX,PENDING,220.81,BRL,1,sim_gateway_horizonte,,,0.00,,,2026-09-07T17:47:12.083785Z,2026-09-07T17:47:12.083785Z
255,6102,SIM-d1fb6ef60bc243edba5dfaa32d0c56fe-26,CREDIT_CARD,APPROVED,259.37,BRL,2,sim_gateway_aurora,2026-09-07T17:39:53.170516Z,2026-09-07T17:40:53.170516Z,0.00,,,2026-09-07T17:47:12.083785Z,2026-09-07T17:47:12.083785Z
256,6971,SIM-d1fb6ef60bc243edba5dfaa32d0c56fe-27,PIX,APPROVED,75.82,BRL,1,sim_gateway_integra,2026-09-07T17:47:08.108509Z,2026-09-07T17:47:12.083785Z,0.00,,,2026-09-07T17:47:12.083785Z,2026-09-07T17:47:12.083785Z
257,2734,SIM-d1fb6ef60bc243edba5dfaa32d0c56fe-28,DEBIT_CARD,APPROVED,252.56,BRL,1,sim_gateway_integra,2026-09-07T17:36:19.540560Z,2026-09-07T17:37:19.540560Z,0.00,,,2026-09-07T17:47:12.083785Z,2026-09-07T17:47:12.083785Z
258,5378,SIM-d1fb6ef60bc243edba5dfaa32d0c56fe-29,DEBIT_CARD,APPROVED,340.52,BRL,1,sim_gateway_integra,2026-09-07T17:39:53.170516Z,2026-09-07T17:40:53.170516Z,0.00,,,2026-09-07T17:47:12.083785Z,2026-09-07T17:47:12.083785Z
259,6898,SIM-d1fb6ef60bc243edba5dfaa32d0c56fe-30,PIX,APPROVED,409.01,BRL,1,sim_gateway_horizonte,2026-09-07T17:39:53.170516Z,2026-09-07T17:40:53.170516Z,0.00,,,2026-09-07T17:47:12.083785Z,2026-09-07T17:47:12.083785Z
260,3766,SIM-d1fb6ef60bc243edba5dfaa32d0c56fe-31,CREDIT_CARD,APPROVED,257.87,BRL,1,sim_gateway_aurora,2026-09-07T17:36:19.540560Z,2026-09-07T17:37:19.540560Z,0.00,,,2026-09-07T17:47:12.083785Z,2026-09-07T17:47:12.083785Z
261,3577,SIM-d1fb6ef60bc243edba5dfaa32d0c56fe-32,CREDIT_CARD,APPROVED,222.31,BRL,3,sim_gateway_aurora,2026-09-07T17:36:19.540560Z,2026-09-07T17:37:19.540560Z,0.00,,,2026-09-07T17:47:12.083785Z,2026-09-07T17:47:12.083785Z
262,4570,SIM-d1fb6ef60bc243edba5dfaa32d0c56fe-33,CREDIT_CARD,APPROVED,66.69,BRL,1,sim_gateway_integra,2026-09-07T17:39:53.170516Z,2026-09-07T17:40:53.170516Z,0.00,,,2026-09-07T17:47:12.083785Z,2026-09-07T17:47:12.083785Z
263,3749,SIM-d1fb6ef60bc243edba5dfaa32d0c56fe-34,CREDIT_CARD,APPROVED,384.44,BRL,3,sim_gateway_horizonte,2026-09-07T17:36:19.540560Z,2026-09-07T17:37:19.540560Z,0.00,,,2026-09-07T17:47:12.083785Z,2026-09-07T17:47:12.083785Z
264,7208,SIM-d1fb6ef60bc243edba5dfaa32d0c56fe-35,PIX,APPROVED,542.31,BRL,1,sim_gateway_integra,2026-09-07T17:47:08.108509Z,2026-09-07T17:47:12.083785Z,0.00,,,2026-09-07T17:47:12.083785Z,2026-09-07T17:47:12.083785Z
265,3476,SIM-d1fb6ef60bc243edba5dfaa32d0c56fe-36,CREDIT_CARD,APPROVED,175.80,BRL,3,sim_gateway_horizonte,2026-09-07T17:36:19.540560Z,2026-09-07T17:37:19.540560Z,0.00,,,2026-09-07T17:47:12.083785Z,2026-09-07T17:47:12.083785Z
266,5357,SIM-d1fb6ef60bc243edba5dfaa32d0c56fe-37,CREDIT_CARD,PENDING,1649.89,BRL,3,sim_gateway_horizonte,,,0.00,,,2026-09-07T17:47:12.083785Z,2026-09-07T17:47:12.083785Z
267,7789,SIM-d1fb6ef60bc243edba5dfaa32d0c56fe-38,PIX,APPROVED,1605.98,BRL,1,sim_gateway_integra,2026-09-07T17:37:33.272026Z,2026-09-07T17:38:33.272026Z,0.00,,,2026-09-07T17:47:12.083785Z,2026-09-07T17:47:12.083785Z
268,3956,SIM-d1fb6ef60bc243edba5dfaa32d0c56fe-39,BOLETO,APPROVED,763.00,BRL,1,sim_gateway_integra,2026-09-07T17:36:19.540560Z,2026-09-07T17:37:19.540560Z,0.00,,,2026-09-07T17:47:12.083785Z,2026-09-07T17:47:12.083785Z
269,6147,SIM-d1fb6ef60bc243edba5dfaa32d0c56fe-40,PIX,APPROVED,319.67,BRL,1,sim_gateway_integra,2026-09-07T17:47:07.788715Z,2026-09-07T17:47:12.083785Z,0.00,,,2026-09-07T17:47:12.083785Z,2026-09-07T17:47:12.083785Z
270,4277,SIM-d1fb6ef60bc243edba5dfaa32d0c56fe-41,PIX,APPROVED,845.91,BRL,1,sim_gateway_aurora,2026-09-07T17:39:53.170516Z,2026-09-07T17:40:53.170516Z,0.00,,,2026-09-07T17:47:12.083785Z,2026-09-07T17:47:12.083785Z
271,4596,SIM-d1fb6ef60bc243edba5dfaa32d0c56fe-42,PIX,PENDING,240.94,BRL,1,sim_gateway_horizonte,,,0.00,,,2026-09-07T17:47:12.083785Z,2026-09-07T17:47:12.083785Z
272,3464,SIM-d1fb6ef60bc243edba5dfaa32d0c56fe-43,DEBIT_CARD,APPROVED,484.20,BRL,1,sim_gateway_aurora,2026-09-07T17:36:19.540560Z,2026-09-07T17:37:19.540560Z,0.00,,,2026-09-07T17:47:12.083785Z,2026-09-07T17:47:12.083785Z
273,2536,SIM-d1fb6ef60bc243edba5dfaa32d0c56fe-44,CREDIT_CARD,APPROVED,455.89,BRL,3,sim_gateway_integra,2026-09-07T17:36:19.540560Z,2026-09-07T17:37:19.540560Z,0.00,,,2026-09-07T17:47:12.083785Z,2026-09-07T17:47:12.083785Z
274,4491,SIM-d1fb6ef60bc243edba5dfaa32d0c56fe-45,CREDIT_CARD,APPROVED,71.60,BRL,3,sim_gateway_horizonte,2026-09-07T17:39:52.799827Z,2026-09-07T17:40:52.799827Z,0.00,,,2026-09-07T17:47:12.083785Z,2026-09-07T17:47:12.083785Z
275,4603,SIM-d1fb6ef60bc243edba5dfaa32d0c56fe-46,CREDIT_CARD,APPROVED,50.81,BRL,1,sim_gateway_aurora,2026-09-07T17:36:19.540560Z,2026-09-07T17:37:19.540560Z,0.00,,,2026-09-07T17:47:12.083785Z,2026-09-07T17:47:12.083785Z
276,7753,SIM-d1fb6ef60bc243edba5dfaa32d0c56fe-47,CREDIT_CARD,APPROVED,1274.73,BRL,3,sim_gateway_aurora,2026-09-07T17:47:08.108509Z,2026-09-07T17:47:12.083785Z,0.00,,,2026-09-07T17:47:12.083785Z,2026-09-07T17:47:12.083785Z
277,4947,SIM-d1fb6ef60bc243edba5dfaa32d0c56fe-48,CREDIT_CARD,APPROVED,313.66,BRL,3,sim_gateway_horizonte,2026-09-07T17:39:53.170516Z,2026-09-07T17:40:53.170516Z,0.00,,,2026-09-07T17:47:12.083785Z,2026-09-07T17:47:12.083785Z
278,6679,SIM-d1fb6ef60bc243edba5dfaa32d0c56fe-49,CREDIT_CARD,CANCELLED,205.71,BRL,2,sim_gateway_aurora,,,0.00,,,2026-09-07T17:47:12.083785Z,2026-09-07T17:47:12.083785Z
279,2719,SIM-d1fb6ef60bc243edba5dfaa32d0c56fe-50,PIX,APPROVED,288.78,BRL,1,sim_gateway_aurora,2026-09-07T17:36:19.540560Z,2026-09-07T17:37:19.540560Z,0.00,,,2026-09-07T17:47:12.083785Z,2026-09-07T17:47:12.083785Z
280,4628,SIM-d1fb6ef60bc243edba5dfaa32d0c56fe-51,PIX,APPROVED,1703.51,BRL,1,sim_gateway_aurora,2026-09-07T17:39:52.799827Z,2026-09-07T17:40:52.799827Z,0.00,,,2026-09-07T17:47:12.083785Z,2026-09-07T17:47:12.083785Z
281,7300,SIM-d1fb6ef60bc243edba5dfaa32d0c56fe-52,CREDIT_CARD,APPROVED,275.94,BRL,3,sim_gateway_horizonte,2026-09-07T17:39:53.170516Z,2026-09-07T17:40:53.170516Z,0.00,,,2026-09-07T17:47:12.083785Z,2026-09-07T17:47:12.083785Z
282,6143,SIM-d1fb6ef60bc243edba5dfaa32d0c56fe-53,PIX,APPROVED,129.88,BRL,1,sim_gateway_horizonte,2026-09-07T17:36:19.540560Z,2026-09-07T17:37:19.540560Z,0.00,,,2026-09-07T17:47:12.083785Z,2026-09-07T17:47:12.083785Z
283,6242,SIM-d1fb6ef60bc243edba5dfaa32d0c56fe-54,PIX,APPROVED,268.38,BRL,1,sim_gateway_aurora,2026-09-07T17:39:52.799827Z,2026-09-07T17:40:52.799827Z,0.00,,,2026-09-07T17:47:12.083785Z,2026-09-07T17:47:12.083785Z
284,2510,SIM-d1fb6ef60bc243edba5dfaa32d0c56fe-55,CREDIT_CARD,CANCELLED,1355.00,BRL,6,sim_gateway_integra,,,0.00,,,2026-09-07T17:47:12.083785Z,2026-09-07T17:47:12.083785Z
285,7047,SIM-d1fb6ef60bc243edba5dfaa32d0c56fe-56,PIX,APPROVED,55.99,BRL,1,sim_gateway_aurora,2026-09-07T17:47:07.788715Z,2026-09-07T17:47:12.083785Z,0.00,,,2026-09-07T17:47:12.083785Z,2026-09-07T17:47:12.083785Z
286,6381,SIM-d1fb6ef60bc243edba5dfaa32d0c56fe-57,CREDIT_CARD,APPROVED,500.00,BRL,2,sim_gateway_horizonte,2026-09-07T17:39:53.170516Z,2026-09-07T17:40:53.170516Z,0.00,,,2026-09-07T17:47:12.083785Z,2026-09-07T17:47:12.083785Z
287,3512,SIM-d1fb6ef60bc243edba5dfaa32d0c56fe-58,BOLETO,PENDING,113.68,BRL,1,sim_gateway_integra,,,0.00,,,2026-09-07T17:47:12.083785Z,2026-09-07T17:47:12.083785Z
288,2212,SIM-d1fb6ef60bc243edba5dfaa32d0c56fe-59,PIX,APPROVED,1993.42,BRL,1,sim_gateway_horizonte,2026-09-07T17:36:19.540560Z,2026-09-07T17:37:19.540560Z,0.00,,,2026-09-07T17:47:12.083785Z,2026-09-07T17:47:12.083785Z
289,7090,SIM-d1fb6ef60bc243edba5dfaa32d0c56fe-60,CREDIT_CARD,PENDING,370.78,BRL,1,sim_gateway_integra,,,0.00,,,2026-09-07T17:47:12.083785Z,2026-09-07T17:47:12.083785Z
290,7653,SIM-d1fb6ef60bc243edba5dfaa32d0c56fe-61,CREDIT_CARD,APPROVED,1499.90,BRL,3,sim_gateway_aurora,2026-09-07T17:36:19.540560Z,2026-09-07T17:37:19.540560Z,0.00,,,2026-09-07T17:47:12.083785Z,2026-09-07T17:47:12.083785Z
291,2507,SIM-d1fb6ef60bc243edba5dfaa32d0c56fe-62,CREDIT_CARD,APPROVED,398.09,BRL,6,sim_gateway_integra,2026-09-07T17:36:19.540560Z,2026-09-07T17:37:19.540560Z,0.00,,,2026-09-07T17:47:12.083785Z,2026-09-07T17:47:12.083785Z
292,6935,SIM-d1fb6ef60bc243edba5dfaa32d0c56fe-63,PIX,APPROVED,194.82,BRL,1,sim_gateway_aurora,2026-09-07T17:36:19.540560Z,2026-09-07T17:37:19.540560Z,0.00,,,2026-09-07T17:47:12.083785Z,2026-09-07T17:47:12.083785Z
293,2141,SIM-d1fb6ef60bc243edba5dfaa32d0c56fe-64,CREDIT_CARD,APPROVED,53.38,BRL,2,sim_gateway_integra,2026-09-07T17:36:19.540560Z,2026-09-07T17:37:19.540560Z,0.00,,,2026-09-07T17:47:12.083785Z,2026-09-07T17:47:12.083785Z
294,6270,SIM-d1fb6ef60bc243edba5dfaa32d0c56fe-65,CREDIT_CARD,APPROVED,1131.56,BRL,1,sim_gateway_horizonte,2026-09-07T17:39:53.170516Z,2026-09-07T17:40:53.170516Z,0.00,,,2026-09-07T17:47:12.083785Z,2026-09-07T17:47:12.083785Z
295,6884,SIM-d1fb6ef60bc243edba5dfaa32d0c56fe-66,CREDIT_CARD,APPROVED,526.75,BRL,3,sim_gateway_aurora,2026-09-07T17:39:53.170516Z,2026-09-07T17:40:53.170516Z,0.00,,,2026-09-07T17:47:12.083785Z,2026-09-07T17:47:12.083785Z
296,2946,SIM-d1fb6ef60bc243edba5dfaa32d0c56fe-67,CREDIT_CARD,APPROVED,216.40,BRL,3,sim_gateway_integra,2026-09-07T17:36:19.540560Z,2026-09-07T17:37:19.540560Z,0.00,,,2026-09-07T17:47:12.083785Z,2026-09-07T17:47:12.083785Z
297,6122,SIM-d1fb6ef60bc243edba5dfaa32d0c56fe-68,CREDIT_CARD,APPROVED,446.32,BRL,1,sim_gateway_integra,2026-09-07T17:39:53.170516Z,2026-09-07T17:40:53.170516Z,0.00,,,2026-09-07T17:47:12.083785Z,2026-09-07T17:47:12.083785Z
298,2750,SIM-d1fb6ef60bc243edba5dfaa32d0c56fe-69,DEBIT_CARD,APPROVED,272.87,BRL,1,sim_gateway_integra,2026-09-07T17:36:19.540560Z,2026-09-07T17:37:19.540560Z,0.00,,,2026-09-07T17:47:12.083785Z,2026-09-07T17:47:12.083785Z
299,7504,SIM-d1fb6ef60bc243edba5dfaa32d0c56fe-70,CREDIT_CARD,APPROVED,232.50,BRL,2,sim_gateway_aurora,2026-09-07T17:47:08.108509Z,2026-09-07T17:47:12.083785Z,0.00,,,2026-09-07T17:47:12.083785Z,2026-09-07T17:47:12.083785Z
300,2293,SIM-d1fb6ef60bc243edba5dfaa32d0c56fe-71,CREDIT_CARD,PENDING,345.82,BRL,1,sim_gateway_integra,,,0.00,,,2026-09-07T17:47:12.083785Z,2026-09-07T17:47:12.083785Z
301,6430,SIM-d1fb6ef60bc243edba5dfaa32d0c56fe-72,PIX,PENDING,208.39,BRL,1,sim_gateway_aurora,,,0.00,,,2026-09-07T17:47:12.083785Z,2026-09-07T17:47:12.083785Z
302,7700,SIM-d1fb6ef60bc243edba5dfaa32d0c56fe-73,CREDIT_CARD,APPROVED,126.40,BRL,6,sim_gateway_aurora,2026-09-07T17:36:19.540560Z,2026-09-07T17:37:19.540560Z,0.00,,,2026-09-07T17:47:12.083785Z,2026-09-07T17:47:12.083785Z
303,4827,SIM-d1fb6ef60bc243edba5dfaa32d0c56fe-74,PIX,APPROVED,220.50,BRL,1,sim_gateway_integra,2026-09-07T17:39:53.170516Z,2026-09-07T17:40:53.170516Z,0.00,,,2026-09-07T17:47:12.083785Z,2026-09-07T17:47:12.083785Z
304,2498,SIM-d1fb6ef60bc243edba5dfaa32d0c56fe-75,CREDIT_CARD,APPROVED,214.33,BRL,6,sim_gateway_integra,2026-09-07T17:36:19.540560Z,2026-09-07T17:37:19.540560Z,0.00,,,2026-09-07T17:47:12.083785Z,2026-09-07T17:47:12.083785Z
305,2687,SIM-d1fb6ef60bc243edba5dfaa32d0c56fe-76,CREDIT_CARD,APPROVED,190.17,BRL,2,sim_gateway_aurora,2026-09-07T17:36:19.540560Z,2026-09-07T17:37:19.540560Z,0.00,,,2026-09-07T17:47:12.083785Z,2026-09-07T17:47:12.083785Z
306,5286,SIM-d1fb6ef60bc243edba5dfaa32d0c56fe-77,CREDIT_CARD,APPROVED,1567.94,BRL,1,sim_gateway_horizonte,2026-09-07T17:39:53.170516Z,2026-09-07T17:40:53.170516Z,0.00,,,2026-09-07T17:47:12.083785Z,2026-09-07T17:47:12.083785Z
307,7447,SIM-d1fb6ef60bc243edba5dfaa32d0c56fe-78,CREDIT_CARD,APPROVED,228.87,BRL,1,sim_gateway_aurora,2026-09-07T17:47:08.108509Z,2026-09-07T17:47:12.083785Z,0.00,,,2026-09-07T17:47:12.083785Z,2026-09-07T17:47:12.083785Z
308,6196,SIM-d1fb6ef60bc243edba5dfaa32d0c56fe-79,CREDIT_CARD,APPROVED,298.47,BRL,1,sim_gateway_integra,2026-09-07T17:47:08.108509Z,2026-09-07T17:47:12.083785Z,0.00,,,2026-09-07T17:47:12.083785Z,2026-09-07T17:47:12.083785Z
309,5304,SIM-d1fb6ef60bc243edba5dfaa32d0c56fe-80,PIX,APPROVED,308.60,BRL,1,sim_gateway_integra,2026-09-07T17:39:53.170516Z,2026-09-07T17:40:53.170516Z,0.00,,,2026-09-07T17:47:12.083785Z,2026-09-07T17:47:12.083785Z
310,6237,SIM-d1fb6ef60bc243edba5dfaa32d0c56fe-81,CREDIT_CARD,APPROVED,242.68,BRL,2,sim_gateway_aurora,2026-09-07T17:39:53.170516Z,2026-09-07T17:40:53.170516Z,0.00,,,2026-09-07T17:47:12.083785Z,2026-09-07T17:47:12.083785Z
311,3415,SIM-d1fb6ef60bc243edba5dfaa32d0c56fe-82,CREDIT_CARD,PENDING,245.20,BRL,1,sim_gateway_integra,,,0.00,,,2026-09-07T17:47:12.083785Z,2026-09-07T17:47:12.083785Z
312,4372,SIM-d1fb6ef60bc243edba5dfaa32d0c56fe-83,PIX,APPROVED,1007.75,BRL,1,sim_gateway_horizonte,2026-09-07T17:39:53.170516Z,2026-09-07T17:40:53.170516Z,0.00,,,2026-09-07T17:47:12.083785Z,2026-09-07T17:47:12.083785Z
313,2165,SIM-d1fb6ef60bc243edba5dfaa32d0c56fe-84,PIX,APPROVED,55.71,BRL,1,sim_gateway_aurora,2026-09-07T17:36:19.540560Z,2026-09-07T17:37:19.540560Z,0.00,,,2026-09-07T17:47:12.083785Z,2026-09-07T17:47:12.083785Z
314,6386,SIM-d1fb6ef60bc243edba5dfaa32d0c56fe-85,CREDIT_CARD,APPROVED,641.66,BRL,2,sim_gateway_horizonte,2026-09-07T17:39:52.799827Z,2026-09-07T17:40:52.799827Z,0.00,,,2026-09-07T17:47:12.083785Z,2026-09-07T17:47:12.083785Z
315,2482,SIM-d1fb6ef60bc243edba5dfaa32d0c56fe-86,PIX,APPROVED,220.72,BRL,1,sim_gateway_integra,2026-09-07T17:36:19.540560Z,2026-09-07T17:37:19.540560Z,0.00,,,2026-09-07T17:47:12.083785Z,2026-09-07T17:47:12.083785Z
316,3430,SIM-d1fb6ef60bc243edba5dfaa32d0c56fe-87,PIX,APPROVED,3727.37,BRL,1,sim_gateway_horizonte,2026-09-07T17:36:19.540560Z,2026-09-07T17:37:19.540560Z,0.00,,,2026-09-07T17:47:12.083785Z,2026-09-07T17:47:12.083785Z
317,3746,SIM-d1fb6ef60bc243edba5dfaa32d0c56fe-88,PIX,APPROVED,1277.98,BRL,1,sim_gateway_aurora,2026-09-07T17:36:19.540560Z,2026-09-07T17:37:19.540560Z,0.00,,,2026-09-07T17:47:12.083785Z,2026-09-07T17:47:12.083785Z
318,4401,SIM-d1fb6ef60bc243edba5dfaa32d0c56fe-89,PIX,APPROVED,251.30,BRL,1,sim_gateway_horizonte,2026-09-07T17:39:53.170516Z,2026-09-07T17:40:53.170516Z,0.00,,,2026-09-07T17:47:12.083785Z,2026-09-07T17:47:12.083785Z
319,2238,SIM-d1fb6ef60bc243edba5dfaa32d0c56fe-90,PIX,APPROVED,1205.48,BRL,1,sim_gateway_integra,2026-09-07T17:36:19.540560Z,2026-09-07T17:37:19.540560Z,0.00,,,2026-09-07T17:47:12.083785Z,2026-09-07T17:47:12.083785Z
320,6798,SIM-d1fb6ef60bc243edba5dfaa32d0c56fe-91,PIX,APPROVED,485.90,BRL,1,sim_gateway_integra,2026-09-07T17:47:08.108509Z,2026-09-07T17:47:12.083785Z,0.00,,,2026-09-07T17:47:12.083785Z,2026-09-07T17:47:12.083785Z
321,5762,SIM-d1fb6ef60bc243edba5dfaa32d0c56fe-92,PIX,APPROVED,236.78,BRL,1,sim_gateway_integra,2026-09-07T17:39:53.170516Z,2026-09-07T17:40:53.170516Z,0.00,,,2026-09-07T17:47:12.083785Z,2026-09-07T17:47:12.083785Z
322,5658,SIM-d1fb6ef60bc243edba5dfaa32d0c56fe-93,PIX,PENDING,859.77,BRL,1,sim_gateway_horizonte,,,0.00,,,2026-09-07T17:47:12.083785Z,2026-09-07T17:47:12.083785Z
323,7715,SIM-d1fb6ef60bc243edba5dfaa32d0c56fe-94,PIX,APPROVED,130.40,BRL,1,sim_gateway_integra,2026-09-07T17:36:19.540560Z,2026-09-07T17:37:19.540560Z,0.00,,,2026-09-07T17:47:12.083785Z,2026-09-07T17:47:12.083785Z
324,2573,SIM-d1fb6ef60bc243edba5dfaa32d0c56fe-95,CREDIT_CARD,APPROVED,257.30,BRL,6,sim_gateway_aurora,2026-09-07T17:36:19.540560Z,2026-09-07T17:37:19.540560Z,0.00,,,2026-09-07T17:47:12.083785Z,2026-09-07T17:47:12.083785Z
325,5664,SIM-d1fb6ef60bc243edba5dfaa32d0c56fe-96,CREDIT_CARD,APPROVED,976.68,BRL,6,sim_gateway_aurora,2026-09-07T17:39:53.170516Z,2026-09-07T17:40:53.170516Z,0.00,,,2026-09-07T17:47:12.083785Z,2026-09-07T17:47:12.083785Z
326,3574,SIM-d1fb6ef60bc243edba5dfaa32d0c56fe-97,PIX,APPROVED,651.56,BRL,1,sim_gateway_horizonte,2026-09-07T17:36:19.540560Z,2026-09-07T17:37:19.540560Z,0.00,,,2026-09-07T17:47:12.083785Z,2026-09-07T17:47:12.083785Z
327,3038,SIM-d1fb6ef60bc243edba5dfaa32d0c56fe-98,PIX,APPROVED,306.63,BRL,1,sim_gateway_horizonte,2026-09-07T17:36:19.540560Z,2026-09-07T17:37:19.540560Z,0.00,,,2026-09-07T17:47:12.083785Z,2026-09-07T17:47:12.083785Z
328,7087,SIM-d1fb6ef60bc243edba5dfaa32d0c56fe-99,DEBIT_CARD,APPROVED,390.10,BRL,1,sim_gateway_horizonte,2026-09-07T17:39:53.170516Z,2026-09-07T17:40:53.170516Z,0.00,,,2026-09-07T17:47:12.083785Z,2026-09-07T17:47:12.083785Z
329,5771,SIM-d1fb6ef60bc243edba5dfaa32d0c56fe-100,PIX,APPROVED,1571.43,BRL,1,sim_gateway_horizonte,2026-09-07T17:39:53.170516Z,2026-09-07T17:40:53.170516Z,0.00,,,2026-09-07T17:47:12.083785Z,2026-09-07T17:47:12.083785Z
330,7796,SIM-d1fb6ef60bc243edba5dfaa32d0c56fe-101,PIX,PENDING,160.19,BRL,1,sim_gateway_horizonte,,,0.00,,,2026-09-07T17:47:12.083785Z,2026-09-07T17:47:12.083785Z
331,4661,SIM-d1fb6ef60bc243edba5dfaa32d0c56fe-102,PIX,APPROVED,459.82,BRL,1,sim_gateway_horizonte,2026-09-07T17:39:52.799827Z,2026-09-07T17:40:52.799827Z,0.00,,,2026-09-07T17:47:12.083785Z,2026-09-07T17:47:12.083785Z
332,7811,SIM-d1fb6ef60bc243edba5dfaa32d0c56fe-103,CREDIT_CARD,APPROVED,241.29,BRL,1,sim_gateway_integra,2026-09-07T17:47:08.108509Z,2026-09-07T17:47:12.083785Z,0.00,,,2026-09-07T17:47:12.083785Z,2026-09-07T17:47:12.083785Z
333,4532,SIM-d1fb6ef60bc243edba5dfaa32d0c56fe-104,PIX,APPROVED,234.35,BRL,1,sim_gateway_aurora,2026-09-07T17:39:53.170516Z,2026-09-07T17:40:53.170516Z,0.00,,,2026-09-07T17:47:12.083785Z,2026-09-07T17:47:12.083785Z
334,7716,SIM-d1fb6ef60bc243edba5dfaa32d0c56fe-105,PIX,APPROVED,237.30,BRL,1,sim_gateway_integra,2026-09-07T17:47:07.788715Z,2026-09-07T17:47:12.083785Z,0.00,,,2026-09-07T17:47:12.083785Z,2026-09-07T17:47:12.083785Z
335,4553,SIM-d1fb6ef60bc243edba5dfaa32d0c56fe-106,PIX,APPROVED,590.21,BRL,1,sim_gateway_aurora,2026-09-07T17:39:53.170516Z,2026-09-07T17:40:53.170516Z,0.00,,,2026-09-07T17:47:12.083785Z,2026-09-07T17:47:12.083785Z
336,3203,SIM-d1fb6ef60bc243edba5dfaa32d0c56fe-107,PIX,APPROVED,215.31,BRL,1,sim_gateway_integra,2026-09-07T17:36:19.540560Z,2026-09-07T17:37:19.540560Z,0.00,,,2026-09-07T17:47:12.083785Z,2026-09-07T17:47:12.083785Z
337,2589,SIM-d1fb6ef60bc243edba5dfaa32d0c56fe-108,CREDIT_CARD,APPROVED,228.41,BRL,6,sim_gateway_integra,2026-09-07T17:36:19.540560Z,2026-09-07T17:37:19.540560Z,0.00,,,2026-09-07T17:47:12.083785Z,2026-09-07T17:47:12.083785Z
338,7678,SIM-d1fb6ef60bc243edba5dfaa32d0c56fe-109,CREDIT_CARD,APPROVED,182.80,BRL,1,sim_gateway_horizonte,2026-09-07T17:47:08.108509Z,2026-09-07T17:47:12.083785Z,0.00,,,2026-09-07T17:47:12.083785Z,2026-09-07T17:47:12.083785Z
339,2639,SIM-d1fb6ef60bc243edba5dfaa32d0c56fe-110,PIX,APPROVED,1997.78,BRL,1,sim_gateway_horizonte,2026-09-07T17:36:19.540560Z,2026-09-07T17:37:19.540560Z,0.00,,,2026-09-07T17:47:12.083785Z,2026-09-07T17:47:12.083785Z
340,2242,SIM-d1fb6ef60bc243edba5dfaa32d0c56fe-111,CREDIT_CARD,APPROVED,243.67,BRL,3,sim_gateway_aurora,2026-09-07T17:36:19.540560Z,2026-09-07T17:37:19.540560Z,0.00,,,2026-09-07T17:47:12.083785Z,2026-09-07T17:47:12.083785Z
341,6493,SIM-d1fb6ef60bc243edba5dfaa32d0c56fe-112,PIX,APPROVED,547.16,BRL,1,sim_gateway_integra,2026-09-07T17:47:08.108509Z,2026-09-07T17:47:12.083785Z,0.00,,,2026-09-07T17:47:12.083785Z,2026-09-07T17:47:12.083785Z
342,3371,SIM-d1fb6ef60bc243edba5dfaa32d0c56fe-113,DEBIT_CARD,APPROVED,143.78,BRL,1,sim_gateway_horizonte,2026-09-07T17:36:19.540560Z,2026-09-07T17:37:19.540560Z,0.00,,,2026-09-07T17:47:12.083785Z,2026-09-07T17:47:12.083785Z
343,5100,SIM-d1fb6ef60bc243edba5dfaa32d0c56fe-114,PIX,APPROVED,384.10,BRL,1,sim_gateway_horizonte,2026-09-07T17:36:19.540560Z,2026-09-07T17:37:19.540560Z,0.00,,,2026-09-07T17:47:12.083785Z,2026-09-07T17:47:12.083785Z
344,5671,SIM-d1fb6ef60bc243edba5dfaa32d0c56fe-115,CREDIT_CARD,APPROVED,162.79,BRL,1,sim_gateway_aurora,2026-09-07T17:36:19.540560Z,2026-09-07T17:37:19.540560Z,0.00,,,2026-09-07T17:47:12.083785Z,2026-09-07T17:47:12.083785Z
345,6507,SIM-d1fb6ef60bc243edba5dfaa32d0c56fe-116,CREDIT_CARD,APPROVED,302.39,BRL,2,sim_gateway_horizonte,2026-09-07T17:47:08.108509Z,2026-09-07T17:47:12.083785Z,0.00,,,2026-09-07T17:47:12.083785Z,2026-09-07T17:47:12.083785Z
346,5442,SIM-d1fb6ef60bc243edba5dfaa32d0c56fe-117,PIX,APPROVED,241.79,BRL,1,sim_gateway_integra,2026-09-07T17:36:19.540560Z,2026-09-07T17:37:19.540560Z,0.00,,,2026-09-07T17:47:12.083785Z,2026-09-07T17:47:12.083785Z
347,5708,SIM-d1fb6ef60bc243edba5dfaa32d0c56fe-118,CREDIT_CARD,PENDING,62.78,BRL,3,sim_gateway_integra,,,0.00,,,2026-09-07T17:47:12.083785Z,2026-09-07T17:47:12.083785Z
348,7136,SIM-d1fb6ef60bc243edba5dfaa32d0c56fe-119,CREDIT_CARD,APPROVED,110.34,BRL,1,sim_gateway_aurora,2026-09-07T17:47:08.108509Z,2026-09-07T17:47:12.083785Z,0.00,,,2026-09-07T17:47:12.083785Z,2026-09-07T17:47:12.083785Z
349,5134,SIM-d1fb6ef60bc243edba5dfaa32d0c56fe-120,CREDIT_CARD,APPROVED,41.74,BRL,1,sim_gateway_aurora,2026-09-07T17:39:53.170516Z,2026-09-07T17:40:53.170516Z,0.00,,,2026-09-07T17:47:12.083785Z,2026-09-07T17:47:12.083785Z
350,3411,SIM-d1fb6ef60bc243edba5dfaa32d0c56fe-121,CREDIT_CARD,APPROVED,335.20,BRL,2,sim_gateway_aurora,2026-09-07T17:36:19.540560Z,2026-09-07T17:37:19.540560Z,0.00,,,2026-09-07T17:47:12.083785Z,2026-09-07T17:47:12.083785Z
351,6763,SIM-d1fb6ef60bc243edba5dfaa32d0c56fe-122,CREDIT_CARD,APPROVED,335.29,BRL,3,sim_gateway_horizonte,2026-09-07T17:47:08.108509Z,2026-09-07T17:47:12.083785Z,0.00,,,2026-09-07T17:47:12.083785Z,2026-09-07T17:47:12.083785Z
352,5981,SIM-d1fb6ef60bc243edba5dfaa32d0c56fe-123,CREDIT_CARD,CANCELLED,354.76,BRL,1,sim_gateway_integra,,,0.00,,,2026-09-07T17:47:12.083785Z,2026-09-07T17:47:12.083785Z
353,7383,SIM-d1fb6ef60bc243edba5dfaa32d0c56fe-124,DEBIT_CARD,APPROVED,307.34,BRL,1,sim_gateway_aurora,2026-09-07T17:47:08.108509Z,2026-09-07T17:47:12.083785Z,0.00,,,2026-09-07T17:47:12.083785Z,2026-09-07T17:47:12.083785Z
354,4758,SIM-d1fb6ef60bc243edba5dfaa32d0c56fe-125,PIX,APPROVED,372.98,BRL,1,sim_gateway_horizonte,2026-09-07T17:39:53.170516Z,2026-09-07T17:40:53.170516Z,0.00,,,2026-09-07T17:47:12.083785Z,2026-09-07T17:47:12.083785Z
355,6995,SIM-d1fb6ef60bc243edba5dfaa32d0c56fe-126,CREDIT_CARD,APPROVED,279.80,BRL,2,sim_gateway_horizonte,2026-09-07T17:39:53.170516Z,2026-09-07T17:40:53.170516Z,0.00,,,2026-09-07T17:47:12.083785Z,2026-09-07T17:47:12.083785Z
356,6607,SIM-d1fb6ef60bc243edba5dfaa32d0c56fe-127,DEBIT_CARD,APPROVED,605.23,BRL,1,sim_gateway_horizonte,2026-09-07T17:47:08.108509Z,2026-09-07T17:47:12.083785Z,0.00,,,2026-09-07T17:47:12.083785Z,2026-09-07T17:47:12.083785Z
357,5641,SIM-d1fb6ef60bc243edba5dfaa32d0c56fe-128,CREDIT_CARD,PENDING,662.76,BRL,3,sim_gateway_horizonte,,,0.00,,,2026-09-07T17:47:12.083785Z,2026-09-07T17:47:12.083785Z
358,4329,SIM-d1fb6ef60bc243edba5dfaa32d0c56fe-129,PIX,APPROVED,383.27,BRL,1,sim_gateway_horizonte,2026-09-07T17:39:53.170516Z,2026-09-07T17:40:53.170516Z,0.00,,,2026-09-07T17:47:12.083785Z,2026-09-07T17:47:12.083785Z
359,4428,SIM-d1fb6ef60bc243edba5dfaa32d0c56fe-130,PIX,APPROVED,1893.96,BRL,1,sim_gateway_integra,2026-09-07T17:39:52.799827Z,2026-09-07T17:40:52.799827Z,0.00,,,2026-09-07T17:47:12.083785Z,2026-09-07T17:47:12.083785Z
360,7350,SIM-d1fb6ef60bc243edba5dfaa32d0c56fe-131,PIX,APPROVED,634.00,BRL,1,sim_gateway_integra,2026-09-07T17:47:07.788715Z,2026-09-07T17:47:12.083785Z,0.00,,,2026-09-07T17:47:12.083785Z,2026-09-07T17:47:12.083785Z
361,6198,SIM-d1fb6ef60bc243edba5dfaa32d0c56fe-132,DEBIT_CARD,APPROVED,1036.46,BRL,1,sim_gateway_horizonte,2026-09-07T17:47:08.108509Z,2026-09-07T17:47:12.083785Z,0.00,,,2026-09-07T17:47:12.083785Z,2026-09-07T17:47:12.083785Z
362,5466,SIM-d1fb6ef60bc243edba5dfaa32d0c56fe-133,CREDIT_CARD,APPROVED,185.51,BRL,3,sim_gateway_aurora,2026-09-07T17:39:53.170516Z,2026-09-07T17:40:53.170516Z,0.00,,,2026-09-07T17:47:12.083785Z,2026-09-07T17:47:12.083785Z
363,7378,SIM-d1fb6ef60bc243edba5dfaa32d0c56fe-134,CREDIT_CARD,APPROVED,465.87,BRL,2,sim_gateway_horizonte,2026-09-07T17:36:19.540560Z,2026-09-07T17:37:19.540560Z,0.00,,,2026-09-07T17:47:12.083785Z,2026-09-07T17:47:12.083785Z
364,4641,SIM-d1fb6ef60bc243edba5dfaa32d0c56fe-135,PIX,APPROVED,208.80,BRL,1,sim_gateway_horizonte,2026-09-07T17:39:53.170516Z,2026-09-07T17:40:53.170516Z,0.00,,,2026-09-07T17:47:12.083785Z,2026-09-07T17:47:12.083785Z
365,5604,SIM-d1fb6ef60bc243edba5dfaa32d0c56fe-136,PIX,APPROVED,51.30,BRL,1,sim_gateway_horizonte,2026-09-07T17:39:53.170516Z,2026-09-07T17:40:53.170516Z,0.00,,,2026-09-07T17:47:12.083785Z,2026-09-07T17:47:12.083785Z
366,4112,SIM-d1fb6ef60bc243edba5dfaa32d0c56fe-137,DEBIT_CARD,APPROVED,314.78,BRL,1,sim_gateway_integra,2026-09-07T17:36:19.540560Z,2026-09-07T17:37:19.540560Z,0.00,,,2026-09-07T17:47:12.083785Z,2026-09-07T17:47:12.083785Z
367,3839,SIM-d1fb6ef60bc243edba5dfaa32d0c56fe-138,CREDIT_CARD,PENDING,130.98,BRL,1,sim_gateway_integra,,,0.00,,,2026-09-07T17:47:12.083785Z,2026-09-07T17:47:12.083785Z
368,4047,SIM-d1fb6ef60bc243edba5dfaa32d0c56fe-139,CREDIT_CARD,PENDING,1814.99,BRL,3,sim_gateway_horizonte,,,0.00,,,2026-09-07T17:47:12.083785Z,2026-09-07T17:47:12.083785Z
369,4543,SIM-d1fb6ef60bc243edba5dfaa32d0c56fe-140,PIX,APPROVED,1226.23,BRL,1,sim_gateway_integra,2026-09-07T17:39:53.170516Z,2026-09-07T17:40:53.170516Z,0.00,,,2026-09-07T17:47:12.083785Z,2026-09-07T17:47:12.083785Z
370,3842,SIM-d1fb6ef60bc243edba5dfaa32d0c56fe-141,CREDIT_CARD,APPROVED,817.37,BRL,6,sim_gateway_integra,2026-09-07T17:36:19.540560Z,2026-09-07T17:37:19.540560Z,0.00,,,2026-09-07T17:47:12.083785Z,2026-09-07T17:47:12.083785Z
371,4727,SIM-d1fb6ef60bc243edba5dfaa32d0c56fe-142,CREDIT_CARD,APPROVED,655.01,BRL,6,sim_gateway_aurora,2026-09-07T17:39:53.170516Z,2026-09-07T17:40:53.170516Z,0.00,,,2026-09-07T17:47:12.083785Z,2026-09-07T17:47:12.083785Z
372,2838,SIM-d1fb6ef60bc243edba5dfaa32d0c56fe-143,BOLETO,APPROVED,326.84,BRL,1,sim_gateway_horizonte,2026-09-07T17:36:19.540560Z,2026-09-07T17:37:19.540560Z,0.00,,,2026-09-07T17:47:12.083785Z,2026-09-07T17:47:12.083785Z
373,6004,SIM-d1fb6ef60bc243edba5dfaa32d0c56fe-144,CREDIT_CARD,APPROVED,285.30,BRL,2,sim_gateway_integra,2026-09-07T17:39:52.799827Z,2026-09-07T17:40:52.799827Z,0.00,,,2026-09-07T17:47:12.083785Z,2026-09-07T17:47:12.083785Z
374,5738,SIM-d1fb6ef60bc243edba5dfaa32d0c56fe-145,CREDIT_CARD,APPROVED,79.04,BRL,6,sim_gateway_integra,2026-09-07T17:39:53.170516Z,2026-09-07T17:40:53.170516Z,0.00,,,2026-09-07T17:47:12.083785Z,2026-09-07T17:47:12.083785Z
375,5750,SIM-d1fb6ef60bc243edba5dfaa32d0c56fe-146,PIX,APPROVED,547.83,BRL,1,sim_gateway_horizonte,2026-09-07T17:39:53.170516Z,2026-09-07T17:40:53.170516Z,0.00,,,2026-09-07T17:47:12.083785Z,2026-09-07T17:47:12.083785Z
376,5291,SIM-d1fb6ef60bc243edba5dfaa32d0c56fe-147,CREDIT_CARD,APPROVED,158.95,BRL,2,sim_gateway_integra,2026-09-07T17:39:53.170516Z,2026-09-07T17:40:53.170516Z,0.00,,,2026-09-07T17:47:12.083785Z,2026-09-07T17:47:12.083785Z
377,6688,SIM-d1fb6ef60bc243edba5dfaa32d0c56fe-148,DEBIT_CARD,APPROVED,737.10,BRL,1,sim_gateway_integra,2026-09-07T17:47:08.108509Z,2026-09-07T17:47:12.083785Z,0.00,,,2026-09-07T17:47:12.083785Z,2026-09-07T17:47:12.083785Z
378,2956,SIM-d1fb6ef60bc243edba5dfaa32d0c56fe-149,BOLETO,APPROVED,258.78,BRL,1,sim_gateway_integra,2026-09-07T17:36:19.540560Z,2026-09-07T17:37:19.540560Z,0.00,,,2026-09-07T17:47:12.083785Z,2026-09-07T17:47:12.083785Z
379,7575,SIM-d1fb6ef60bc243edba5dfaa32d0c56fe-150,CREDIT_CARD,APPROVED,453.02,BRL,3,sim_gateway_aurora,2026-09-07T17:47:08.079025Z,2026-09-07T17:47:12.083785Z,0.00,,,2026-09-07T17:47:12.083785Z,2026-09-07T17:47:12.083785Z
380,4888,SIM-d1fb6ef60bc243edba5dfaa32d0c56fe-151,CREDIT_CARD,PENDING,227.21,BRL,1,sim_gateway_integra,,,0.00,,,2026-09-07T17:47:12.083785Z,2026-09-07T17:47:12.083785Z
381,7710,SIM-d1fb6ef60bc243edba5dfaa32d0c56fe-152,CREDIT_CARD,APPROVED,92.45,BRL,6,sim_gateway_horizonte,2026-09-07T17:47:08.108509Z,2026-09-07T17:47:12.083785Z,0.00,,,2026-09-07T17:47:12.083785Z,2026-09-07T17:47:12.083785Z
382,6875,SIM-d1fb6ef60bc243edba5dfaa32d0c56fe-153,CREDIT_CARD,APPROVED,722.58,BRL,1,sim_gateway_aurora,2026-09-07T17:47:08.108509Z,2026-09-07T17:47:12.083785Z,0.00,,,2026-09-07T17:47:12.083785Z,2026-09-07T17:47:12.083785Z
383,4507,SIM-d1fb6ef60bc243edba5dfaa32d0c56fe-154,CREDIT_CARD,APPROVED,95.28,BRL,3,sim_gateway_aurora,2026-09-07T17:36:19.540560Z,2026-09-07T17:37:19.540560Z,0.00,,,2026-09-07T17:47:12.083785Z,2026-09-07T17:47:12.083785Z
384,6471,SIM-d1fb6ef60bc243edba5dfaa32d0c56fe-155,CREDIT_CARD,APPROVED,557.95,BRL,2,sim_gateway_horizonte,2026-09-07T17:47:08.108509Z,2026-09-07T17:47:12.083785Z,0.00,,,2026-09-07T17:47:12.083785Z,2026-09-07T17:47:12.083785Z
385,3468,SIM-d1fb6ef60bc243edba5dfaa32d0c56fe-156,PIX,APPROVED,333.82,BRL,1,sim_gateway_horizonte,2026-09-07T17:36:19.540560Z,2026-09-07T17:37:19.540560Z,0.00,,,2026-09-07T17:47:12.083785Z,2026-09-07T17:47:12.083785Z
386,5742,SIM-d1fb6ef60bc243edba5dfaa32d0c56fe-157,CREDIT_CARD,APPROVED,258.31,BRL,1,sim_gateway_integra,2026-09-07T17:39:53.170516Z,2026-09-07T17:40:53.170516Z,0.00,,,2026-09-07T17:47:12.083785Z,2026-09-07T17:47:12.083785Z
387,3242,SIM-d1fb6ef60bc243edba5dfaa32d0c56fe-158,CREDIT_CARD,APPROVED,318.25,BRL,6,sim_gateway_horizonte,2026-09-07T17:36:19.540560Z,2026-09-07T17:37:19.540560Z,0.00,,,2026-09-07T17:47:12.083785Z,2026-09-07T17:47:12.083785Z
388,2354,SIM-d1fb6ef60bc243edba5dfaa32d0c56fe-159,PIX,APPROVED,97.65,BRL,1,sim_gateway_aurora,2026-09-07T17:36:19.540560Z,2026-09-07T17:37:19.540560Z,0.00,,,2026-09-07T17:47:12.083785Z,2026-09-07T17:47:12.083785Z
389,4440,SIM-d1fb6ef60bc243edba5dfaa32d0c56fe-160,CREDIT_CARD,APPROVED,241.88,BRL,1,sim_gateway_aurora,2026-09-07T17:39:52.799827Z,2026-09-07T17:40:52.799827Z,0.00,,,2026-09-07T17:47:12.083785Z,2026-09-07T17:47:12.083785Z
390,2749,SIM-d1fb6ef60bc243edba5dfaa32d0c56fe-161,CREDIT_CARD,APPROVED,116.99,BRL,3,sim_gateway_integra,2026-09-07T17:36:19.540560Z,2026-09-07T17:37:19.540560Z,0.00,,,2026-09-07T17:47:12.083785Z,2026-09-07T17:47:12.083785Z
391,4839,SIM-d1fb6ef60bc243edba5dfaa32d0c56fe-162,CREDIT_CARD,PENDING,378.79,BRL,6,sim_gateway_aurora,,,0.00,,,2026-09-07T17:47:12.083785Z,2026-09-07T17:47:12.083785Z
392,4412,SIM-d1fb6ef60bc243edba5dfaa32d0c56fe-163,CREDIT_CARD,APPROVED,98.19,BRL,3,sim_gateway_aurora,2026-09-07T17:36:19.540560Z,2026-09-07T17:37:19.540560Z,0.00,,,2026-09-07T17:47:12.083785Z,2026-09-07T17:47:12.083785Z
393,3337,SIM-d1fb6ef60bc243edba5dfaa32d0c56fe-164,CREDIT_CARD,APPROVED,76.79,BRL,3,sim_gateway_aurora,2026-09-07T17:36:19.540560Z,2026-09-07T17:37:19.540560Z,0.00,,,2026-09-07T17:47:12.083785Z,2026-09-07T17:47:12.083785Z
394,2714,SIM-d1fb6ef60bc243edba5dfaa32d0c56fe-165,PIX,APPROVED,283.90,BRL,1,sim_gateway_horizonte,2026-09-07T17:36:19.540560Z,2026-09-07T17:37:19.540560Z,0.00,,,2026-09-07T17:47:12.083785Z,2026-09-07T17:47:12.083785Z
395,2960,SIM-d1fb6ef60bc243edba5dfaa32d0c56fe-166,CREDIT_CARD,APPROVED,299.90,BRL,1,sim_gateway_integra,2026-09-07T17:36:19.540560Z,2026-09-07T17:37:19.540560Z,0.00,,,2026-09-07T17:47:12.083785Z,2026-09-07T17:47:12.083785Z
396,7799,SIM-d1fb6ef60bc243edba5dfaa32d0c56fe-167,PIX,PENDING,512.06,BRL,1,sim_gateway_horizonte,,,0.00,,,2026-09-07T17:47:12.083785Z,2026-09-07T17:47:12.083785Z
397,7138,SIM-d1fb6ef60bc243edba5dfaa32d0c56fe-168,PIX,CANCELLED,715.59,BRL,1,sim_gateway_aurora,,,0.00,,,2026-09-07T17:47:12.083785Z,2026-09-07T17:47:12.083785Z
398,4877,SIM-d1fb6ef60bc243edba5dfaa32d0c56fe-169,CREDIT_CARD,APPROVED,189.35,BRL,6,sim_gateway_horizonte,2026-09-07T17:39:53.170516Z,2026-09-07T17:40:53.170516Z,0.00,,,2026-09-07T17:47:12.083785Z,2026-09-07T17:47:12.083785Z
399,4675,SIM-d1fb6ef60bc243edba5dfaa32d0c56fe-170,CREDIT_CARD,APPROVED,936.03,BRL,2,sim_gateway_horizonte,2026-09-07T17:39:53.170516Z,2026-09-07T17:40:53.170516Z,0.00,,,2026-09-07T17:47:12.083785Z,2026-09-07T17:47:12.083785Z
400,3318,SIM-d1fb6ef60bc243edba5dfaa32d0c56fe-171,CREDIT_CARD,APPROVED,279.75,BRL,3,sim_gateway_integra,2026-09-07T17:36:19.540560Z,2026-09-07T17:37:19.540560Z,0.00,,,2026-09-07T17:47:12.083785Z,2026-09-07T17:47:12.083785Z
401,6412,SIM-d1fb6ef60bc243edba5dfaa32d0c56fe-172,CREDIT_CARD,APPROVED,110.56,BRL,6,sim_gateway_integra,2026-09-07T17:47:07.788715Z,2026-09-07T17:47:12.083785Z,0.00,,,2026-09-07T17:47:12.083785Z,2026-09-07T17:47:12.083785Z
402,7498,SIM-d1fb6ef60bc243edba5dfaa32d0c56fe-173,CREDIT_CARD,APPROVED,104.91,BRL,2,sim_gateway_horizonte,2026-09-07T17:47:08.108509Z,2026-09-07T17:47:12.083785Z,0.00,,,2026-09-07T17:47:12.083785Z,2026-09-07T17:47:12.083785Z
403,4880,SIM-d1fb6ef60bc243edba5dfaa32d0c56fe-174,CREDIT_CARD,APPROVED,1702.42,BRL,1,sim_gateway_aurora,2026-09-07T17:39:53.170516Z,2026-09-07T17:40:53.170516Z,0.00,,,2026-09-07T17:47:12.083785Z,2026-09-07T17:47:12.083785Z
404,6449,SIM-d1fb6ef60bc243edba5dfaa32d0c56fe-175,DEBIT_CARD,APPROVED,404.52,BRL,1,sim_gateway_integra,2026-09-07T17:47:08.108509Z,2026-09-07T17:47:12.083785Z,0.00,,,2026-09-07T17:47:12.083785Z,2026-09-07T17:47:12.083785Z
405,4494,SIM-d1fb6ef60bc243edba5dfaa32d0c56fe-176,CREDIT_CARD,PENDING,125.98,BRL,2,sim_gateway_horizonte,,,0.00,,,2026-09-07T17:47:12.083785Z,2026-09-07T17:47:12.083785Z
406,4410,SIM-d1fb6ef60bc243edba5dfaa32d0c56fe-177,PIX,PENDING,159.80,BRL,1,sim_gateway_aurora,,,0.00,,,2026-09-07T17:47:12.083785Z,2026-09-07T17:47:12.083785Z
407,3772,SIM-d1fb6ef60bc243edba5dfaa32d0c56fe-178,PIX,APPROVED,496.70,BRL,1,sim_gateway_integra,2026-09-07T17:36:19.540560Z,2026-09-07T17:37:19.540560Z,0.00,,,2026-09-07T17:47:12.083785Z,2026-09-07T17:47:12.083785Z
408,3472,SIM-d1fb6ef60bc243edba5dfaa32d0c56fe-179,PIX,APPROVED,382.83,BRL,1,sim_gateway_horizonte,2026-09-07T17:36:19.540560Z,2026-09-07T17:37:19.540560Z,0.00,,,2026-09-07T17:47:12.083785Z,2026-09-07T17:47:12.083785Z
409,7264,SIM-d1fb6ef60bc243edba5dfaa32d0c56fe-180,PIX,APPROVED,97.98,BRL,1,sim_gateway_aurora,2026-09-07T17:47:08.108509Z,2026-09-07T17:47:12.083785Z,0.00,,,2026-09-07T17:47:12.083785Z,2026-09-07T17:47:12.083785Z
410,6341,SIM-d1fb6ef60bc243edba5dfaa32d0c56fe-181,CREDIT_CARD,APPROVED,543.99,BRL,2,sim_gateway_aurora,2026-09-07T17:39:53.170516Z,2026-09-07T17:40:53.170516Z,0.00,,,2026-09-07T17:47:12.083785Z,2026-09-07T17:47:12.083785Z
411,6325,SIM-d1fb6ef60bc243edba5dfaa32d0c56fe-182,CREDIT_CARD,PENDING,66.18,BRL,1,sim_gateway_horizonte,,,0.00,,,2026-09-07T17:47:12.083785Z,2026-09-07T17:47:12.083785Z
412,2143,SIM-d1fb6ef60bc243edba5dfaa32d0c56fe-183,PIX,PENDING,253.87,BRL,1,sim_gateway_aurora,,,0.00,,,2026-09-07T17:47:12.083785Z,2026-09-07T17:47:12.083785Z
413,4733,SIM-d1fb6ef60bc243edba5dfaa32d0c56fe-184,CREDIT_CARD,APPROVED,1193.36,BRL,2,sim_gateway_integra,2026-09-07T17:39:53.170516Z,2026-09-07T17:40:53.170516Z,0.00,,,2026-09-07T17:47:12.083785Z,2026-09-07T17:47:12.083785Z
414,2473,SIM-d1fb6ef60bc243edba5dfaa32d0c56fe-185,PIX,APPROVED,472.59,BRL,1,sim_gateway_aurora,2026-09-07T17:36:19.540560Z,2026-09-07T17:37:19.540560Z,0.00,,,2026-09-07T17:47:12.083785Z,2026-09-07T17:47:12.083785Z
415,6391,SIM-d1fb6ef60bc243edba5dfaa32d0c56fe-186,PIX,APPROVED,114.49,BRL,1,sim_gateway_horizonte,2026-09-07T17:36:19.540560Z,2026-09-07T17:37:19.540560Z,0.00,,,2026-09-07T17:47:12.083785Z,2026-09-07T17:47:12.083785Z
416,2167,SIM-d1fb6ef60bc243edba5dfaa32d0c56fe-187,PIX,PENDING,625.16,BRL,1,sim_gateway_horizonte,,,0.00,,,2026-09-07T17:47:12.083785Z,2026-09-07T17:47:12.083785Z
417,3409,SIM-d1fb6ef60bc243edba5dfaa32d0c56fe-188,CREDIT_CARD,APPROVED,261.30,BRL,3,sim_gateway_aurora,2026-09-07T17:36:19.540560Z,2026-09-07T17:37:19.540560Z,0.00,,,2026-09-07T17:47:12.083785Z,2026-09-07T17:47:12.083785Z
418,6336,SIM-d1fb6ef60bc243edba5dfaa32d0c56fe-189,BOLETO,PENDING,700.73,BRL,1,sim_gateway_integra,,,0.00,,,2026-09-07T17:47:12.083785Z,2026-09-07T17:47:12.083785Z
419,4140,SIM-d1fb6ef60bc243edba5dfaa32d0c56fe-190,CREDIT_CARD,APPROVED,92.84,BRL,6,sim_gateway_horizonte,2026-09-07T17:36:19.540560Z,2026-09-07T17:37:19.540560Z,0.00,,,2026-09-07T17:47:12.083785Z,2026-09-07T17:47:12.083785Z
420,4313,SIM-d1fb6ef60bc243edba5dfaa32d0c56fe-191,PIX,APPROVED,372.99,BRL,1,sim_gateway_aurora,2026-09-07T17:36:19.540560Z,2026-09-07T17:37:19.540560Z,0.00,,,2026-09-07T17:47:12.083785Z,2026-09-07T17:47:12.083785Z
421,7375,SIM-d1fb6ef60bc243edba5dfaa32d0c56fe-192,BOLETO,APPROVED,818.91,BRL,1,sim_gateway_horizonte,2026-09-07T17:39:53.170516Z,2026-09-07T17:40:53.170516Z,0.00,,,2026-09-07T17:47:12.083785Z,2026-09-07T17:47:12.083785Z
422,2300,SIM-d1fb6ef60bc243edba5dfaa32d0c56fe-193,PIX,APPROVED,566.90,BRL,1,sim_gateway_integra,2026-09-07T17:36:19.540560Z,2026-09-07T17:37:19.540560Z,0.00,,,2026-09-07T17:47:12.083785Z,2026-09-07T17:47:12.083785Z
423,3790,SIM-d1fb6ef60bc243edba5dfaa32d0c56fe-194,CREDIT_CARD,APPROVED,269.88,BRL,2,sim_gateway_aurora,2026-09-07T17:36:19.540560Z,2026-09-07T17:37:19.540560Z,0.00,,,2026-09-07T17:47:12.083785Z,2026-09-07T17:47:12.083785Z
424,7932,SIM-d1fb6ef60bc243edba5dfaa32d0c56fe-195,CREDIT_CARD,APPROVED,146.08,BRL,2,sim_gateway_integra,2026-09-07T17:39:52.799827Z,2026-09-07T17:40:52.799827Z,0.00,,,2026-09-07T17:47:12.083785Z,2026-09-07T17:47:12.083785Z
425,7730,SIM-d1fb6ef60bc243edba5dfaa32d0c56fe-196,CREDIT_CARD,APPROVED,2195.57,BRL,1,sim_gateway_horizonte,2026-09-07T17:39:53.170516Z,2026-09-07T17:40:53.170516Z,0.00,,,2026-09-07T17:47:12.083785Z,2026-09-07T17:47:12.083785Z
426,7038,SIM-d1fb6ef60bc243edba5dfaa32d0c56fe-197,CREDIT_CARD,PENDING,405.28,BRL,2,sim_gateway_aurora,,,0.00,,,2026-09-07T17:47:12.083785Z,2026-09-07T17:47:12.083785Z
427,2857,SIM-d1fb6ef60bc243edba5dfaa32d0c56fe-198,CREDIT_CARD,APPROVED,109.99,BRL,2,sim_gateway_horizonte,2026-09-07T17:36:19.540560Z,2026-09-07T17:37:19.540560Z,0.00,,,2026-09-07T17:47:12.083785Z,2026-09-07T17:47:12.083785Z
428,2332,SIM-d1fb6ef60bc243edba5dfaa32d0c56fe-199,PIX,PENDING,468.09,BRL,1,sim_gateway_aurora,,,0.00,,,2026-09-07T17:47:12.083785Z,2026-09-07T17:47:12.083785Z
429,7095,SIM-d1fb6ef60bc243edba5dfaa32d0c56fe-200,DEBIT_CARD,APPROVED,379.91,BRL,1,sim_gateway_aurora,2026-09-07T17:47:08.108509Z,2026-09-07T17:47:12.083785Z,0.00,,,2026-09-07T17:47:12.083785Z,2026-09-07T17:47:12.083785Z
430,3200,SIM-d1fb6ef60bc243edba5dfaa32d0c56fe-201,CREDIT_CARD,APPROVED,182.82,BRL,1,sim_gateway_aurora,2026-09-07T17:36:19.540560Z,2026-09-07T17:37:19.540560Z,0.00,,,2026-09-07T17:47:12.083785Z,2026-09-07T17:47:12.083785Z
431,7727,SIM-d1fb6ef60bc243edba5dfaa32d0c56fe-202,PIX,APPROVED,334.37,BRL,1,sim_gateway_horizonte,2026-09-07T17:47:08.108509Z,2026-09-07T17:47:12.083785Z,0.00,,,2026-09-07T17:47:12.083785Z,2026-09-07T17:47:12.083785Z
432,5412,SIM-d1fb6ef60bc243edba5dfaa32d0c56fe-203,BOLETO,APPROVED,248.78,BRL,1,sim_gateway_aurora,2026-09-07T17:36:19.540560Z,2026-09-07T17:37:19.540560Z,0.00,,,2026-09-07T17:47:12.083785Z,2026-09-07T17:47:12.083785Z
433,4657,SIM-d1fb6ef60bc243edba5dfaa32d0c56fe-204,CREDIT_CARD,APPROVED,150.78,BRL,1,sim_gateway_integra,2026-09-07T17:36:19.540560Z,2026-09-07T17:37:19.540560Z,0.00,,,2026-09-07T17:47:12.083785Z,2026-09-07T17:47:12.083785Z
434,2903,SIM-d1fb6ef60bc243edba5dfaa32d0c56fe-205,PIX,APPROVED,212.81,BRL,1,sim_gateway_horizonte,2026-09-07T17:36:19.540560Z,2026-09-07T17:37:19.540560Z,0.00,,,2026-09-07T17:47:12.083785Z,2026-09-07T17:47:12.083785Z
435,5603,SIM-d1fb6ef60bc243edba5dfaa32d0c56fe-206,PIX,APPROVED,479.88,BRL,1,sim_gateway_integra,2026-09-07T17:36:19.540560Z,2026-09-07T17:37:19.540560Z,0.00,,,2026-09-07T17:47:12.083785Z,2026-09-07T17:47:12.083785Z
436,4269,SIM-d1fb6ef60bc243edba5dfaa32d0c56fe-207,PIX,APPROVED,161.58,BRL,1,sim_gateway_integra,2026-09-07T17:39:52.799827Z,2026-09-07T17:40:52.799827Z,0.00,,,2026-09-07T17:47:12.083785Z,2026-09-07T17:47:12.083785Z
437,4181,SIM-d1fb6ef60bc243edba5dfaa32d0c56fe-208,CREDIT_CARD,APPROVED,100.01,BRL,2,sim_gateway_horizonte,2026-09-07T17:39:53.170516Z,2026-09-07T17:40:53.170516Z,0.00,,,2026-09-07T17:47:12.083785Z,2026-09-07T17:47:12.083785Z
438,6825,SIM-d1fb6ef60bc243edba5dfaa32d0c56fe-209,CREDIT_CARD,APPROVED,150.31,BRL,6,sim_gateway_horizonte,2026-09-07T17:47:08.108509Z,2026-09-07T17:47:12.083785Z,0.00,,,2026-09-07T17:47:12.083785Z,2026-09-07T17:47:12.083785Z
439,237,SIM-e689600cb09a48d88593edccf2025562-0,PIX,PENDING,54.78,BRL,1,sim_gateway_horizonte,,,0.00,,,2026-09-07T17:59:58.691080Z,2026-09-07T17:59:58.691080Z
440,1179,SIM-e689600cb09a48d88593edccf2025562-1,CREDIT_CARD,APPROVED,953.09,BRL,6,sim_gateway_aurora,2026-09-07T17:59:55.820833Z,2026-09-07T17:59:58.691080Z,0.00,,,2026-09-07T17:59:58.691080Z,2026-09-07T17:59:58.691080Z
441,503,SIM-e689600cb09a48d88593edccf2025562-2,CREDIT_CARD,APPROVED,287.79,BRL,3,sim_gateway_integra,2026-09-07T17:59:55.820833Z,2026-09-07T17:59:58.691080Z,0.00,,,2026-09-07T17:59:58.691080Z,2026-09-07T17:59:58.691080Z
442,989,SIM-e689600cb09a48d88593edccf2025562-3,BOLETO,APPROVED,4339.43,BRL,1,sim_gateway_aurora,2026-09-07T17:59:55.820833Z,2026-09-07T17:59:58.691080Z,0.00,,,2026-09-07T17:59:58.691080Z,2026-09-07T17:59:58.691080Z
443,609,SIM-e689600cb09a48d88593edccf2025562-4,PIX,APPROVED,337.00,BRL,1,sim_gateway_horizonte,2026-09-07T17:59:55.820833Z,2026-09-07T17:59:58.691080Z,0.00,,,2026-09-07T17:59:58.691080Z,2026-09-07T17:59:58.691080Z
444,1767,SIM-e689600cb09a48d88593edccf2025562-5,CREDIT_CARD,APPROVED,171.50,BRL,1,sim_gateway_integra,2026-09-07T17:59:55.820833Z,2026-09-07T17:59:58.691080Z,0.00,,,2026-09-07T17:59:58.691080Z,2026-09-07T17:59:58.691080Z
445,1757,SIM-e689600cb09a48d88593edccf2025562-6,PIX,APPROVED,352.92,BRL,1,sim_gateway_aurora,2026-09-07T17:59:55.820833Z,2026-09-07T17:59:58.691080Z,0.00,,,2026-09-07T17:59:58.691080Z,2026-09-07T17:59:58.691080Z
446,287,SIM-e689600cb09a48d88593edccf2025562-7,CREDIT_CARD,APPROVED,2265.37,BRL,2,sim_gateway_integra,2026-09-07T17:59:55.820833Z,2026-09-07T17:59:58.691080Z,0.00,,,2026-09-07T17:59:58.691080Z,2026-09-07T17:59:58.691080Z
447,984,SIM-e689600cb09a48d88593edccf2025562-8,CREDIT_CARD,PENDING,4030.78,BRL,1,sim_gateway_integra,,,0.00,,,2026-09-07T17:59:58.691080Z,2026-09-07T17:59:58.691080Z
448,814,SIM-e689600cb09a48d88593edccf2025562-9,CREDIT_CARD,APPROVED,347.74,BRL,1,sim_gateway_horizonte,2026-09-07T17:59:55.820833Z,2026-09-07T17:59:58.691080Z,0.00,,,2026-09-07T17:59:58.691080Z,2026-09-07T17:59:58.691080Z
449,1897,SIM-e689600cb09a48d88593edccf2025562-10,PIX,APPROVED,86.58,BRL,1,sim_gateway_horizonte,2026-09-07T17:59:55.820833Z,2026-09-07T17:59:58.691080Z,0.00,,,2026-09-07T17:59:58.691080Z,2026-09-07T17:59:58.691080Z
450,1526,SIM-e689600cb09a48d88593edccf2025562-11,PIX,APPROVED,328.67,BRL,1,sim_gateway_horizonte,2026-09-07T17:59:55.820833Z,2026-09-07T17:59:58.691080Z,0.00,,,2026-09-07T17:59:58.691080Z,2026-09-07T17:59:58.691080Z
451,830,SIM-e689600cb09a48d88593edccf2025562-12,PIX,APPROVED,113.54,BRL,1,sim_gateway_aurora,2026-09-07T17:59:55.820833Z,2026-09-07T17:59:58.691080Z,0.00,,,2026-09-07T17:59:58.691080Z,2026-09-07T17:59:58.691080Z
452,1037,SIM-e689600cb09a48d88593edccf2025562-13,PIX,APPROVED,219.82,BRL,1,sim_gateway_integra,2026-09-07T17:59:55.820833Z,2026-09-07T17:59:58.691080Z,0.00,,,2026-09-07T17:59:58.691080Z,2026-09-07T17:59:58.691080Z
453,1640,SIM-e689600cb09a48d88593edccf2025562-14,CREDIT_CARD,CANCELLED,777.20,BRL,2,sim_gateway_horizonte,,,0.00,,,2026-09-07T17:59:58.691080Z,2026-09-07T17:59:58.691080Z
454,1648,SIM-e689600cb09a48d88593edccf2025562-15,PIX,APPROVED,82.32,BRL,1,sim_gateway_horizonte,2026-09-07T17:59:55.820833Z,2026-09-07T17:59:58.691080Z,0.00,,,2026-09-07T17:59:58.691080Z,2026-09-07T17:59:58.691080Z
455,1170,SIM-e689600cb09a48d88593edccf2025562-16,CREDIT_CARD,APPROVED,233.18,BRL,1,sim_gateway_aurora,2026-09-07T17:59:55.820833Z,2026-09-07T17:59:58.691080Z,0.00,,,2026-09-07T17:59:58.691080Z,2026-09-07T17:59:58.691080Z
456,595,SIM-e689600cb09a48d88593edccf2025562-17,CREDIT_CARD,APPROVED,464.44,BRL,3,sim_gateway_horizonte,2026-09-07T17:59:55.820833Z,2026-09-07T17:59:58.691080Z,0.00,,,2026-09-07T17:59:58.691080Z,2026-09-07T17:59:58.691080Z
457,769,SIM-e689600cb09a48d88593edccf2025562-18,PIX,APPROVED,310.91,BRL,1,sim_gateway_aurora,2026-09-07T17:59:55.820833Z,2026-09-07T17:59:58.691080Z,0.00,,,2026-09-07T17:59:58.691080Z,2026-09-07T17:59:58.691080Z
458,1621,SIM-e689600cb09a48d88593edccf2025562-19,PIX,APPROVED,384.49,BRL,1,sim_gateway_horizonte,2026-09-07T17:59:55.820833Z,2026-09-07T17:59:58.691080Z,0.00,,,2026-09-07T17:59:58.691080Z,2026-09-07T17:59:58.691080Z
459,1438,SIM-e689600cb09a48d88593edccf2025562-20,PIX,APPROVED,1671.80,BRL,1,sim_gateway_integra,2026-09-07T17:59:55.820833Z,2026-09-07T17:59:58.691080Z,0.00,,,2026-09-07T17:59:58.691080Z,2026-09-07T17:59:58.691080Z
460,533,SIM-e689600cb09a48d88593edccf2025562-21,BOLETO,PENDING,397.47,BRL,1,sim_gateway_horizonte,,,0.00,,,2026-09-07T17:59:58.691080Z,2026-09-07T17:59:58.691080Z
461,2031,SIM-e689600cb09a48d88593edccf2025562-22,CREDIT_CARD,APPROVED,993.85,BRL,2,sim_gateway_aurora,2026-09-07T17:59:55.820833Z,2026-09-07T17:59:58.691080Z,0.00,,,2026-09-07T17:59:58.691080Z,2026-09-07T17:59:58.691080Z
462,1237,SIM-e689600cb09a48d88593edccf2025562-23,BOLETO,APPROVED,672.63,BRL,1,sim_gateway_integra,2026-09-07T17:59:55.820833Z,2026-09-07T17:59:58.691080Z,0.00,,,2026-09-07T17:59:58.691080Z,2026-09-07T17:59:58.691080Z
463,1548,SIM-e689600cb09a48d88593edccf2025562-24,BOLETO,APPROVED,623.77,BRL,1,sim_gateway_aurora,2026-09-07T17:59:55.820833Z,2026-09-07T17:59:58.691080Z,0.00,,,2026-09-07T17:59:58.691080Z,2026-09-07T17:59:58.691080Z
464,1420,SIM-e689600cb09a48d88593edccf2025562-25,CREDIT_CARD,APPROVED,418.53,BRL,1,sim_gateway_aurora,2026-09-07T17:59:55.820833Z,2026-09-07T17:59:58.691080Z,0.00,,,2026-09-07T17:59:58.691080Z,2026-09-07T17:59:58.691080Z
465,345,SIM-e689600cb09a48d88593edccf2025562-26,CREDIT_CARD,APPROVED,112.52,BRL,6,sim_gateway_horizonte,2026-09-07T17:59:55.820833Z,2026-09-07T17:59:58.691080Z,0.00,,,2026-09-07T17:59:58.691080Z,2026-09-07T17:59:58.691080Z
466,932,SIM-e689600cb09a48d88593edccf2025562-27,CREDIT_CARD,APPROVED,259.04,BRL,2,sim_gateway_integra,2026-09-07T17:59:55.820833Z,2026-09-07T17:59:58.691080Z,0.00,,,2026-09-07T17:59:58.691080Z,2026-09-07T17:59:58.691080Z
467,2011,SIM-e689600cb09a48d88593edccf2025562-28,PIX,APPROVED,138.14,BRL,1,sim_gateway_aurora,2026-09-07T17:59:55.820833Z,2026-09-07T17:59:58.691080Z,0.00,,,2026-09-07T17:59:58.691080Z,2026-09-07T17:59:58.691080Z
468,781,SIM-e689600cb09a48d88593edccf2025562-29,CREDIT_CARD,APPROVED,196.51,BRL,2,sim_gateway_aurora,2026-09-07T17:59:55.820833Z,2026-09-07T17:59:58.691080Z,0.00,,,2026-09-07T17:59:58.691080Z,2026-09-07T17:59:58.691080Z
469,1509,SIM-e689600cb09a48d88593edccf2025562-30,PIX,CANCELLED,194.56,BRL,1,sim_gateway_integra,,,0.00,,,2026-09-07T17:59:58.691080Z,2026-09-07T17:59:58.691080Z
470,2015,SIM-e689600cb09a48d88593edccf2025562-31,PIX,APPROVED,461.18,BRL,1,sim_gateway_integra,2026-09-07T17:59:55.820833Z,2026-09-07T17:59:58.691080Z,0.00,,,2026-09-07T17:59:58.691080Z,2026-09-07T17:59:58.691080Z
471,1124,SIM-e689600cb09a48d88593edccf2025562-32,CREDIT_CARD,APPROVED,508.11,BRL,6,sim_gateway_horizonte,2026-09-07T17:59:55.820833Z,2026-09-07T17:59:58.691080Z,0.00,,,2026-09-07T17:59:58.691080Z,2026-09-07T17:59:58.691080Z
472,890,SIM-e689600cb09a48d88593edccf2025562-33,CREDIT_CARD,APPROVED,68.15,BRL,2,sim_gateway_horizonte,2026-09-07T17:59:55.820833Z,2026-09-07T17:59:58.691080Z,0.00,,,2026-09-07T17:59:58.691080Z,2026-09-07T17:59:58.691080Z
473,575,SIM-e689600cb09a48d88593edccf2025562-34,CREDIT_CARD,APPROVED,337.53,BRL,3,sim_gateway_integra,2026-09-07T17:59:55.820833Z,2026-09-07T17:59:58.691080Z,0.00,,,2026-09-07T17:59:58.691080Z,2026-09-07T17:59:58.691080Z
474,1489,SIM-e689600cb09a48d88593edccf2025562-35,PIX,APPROVED,95.81,BRL,1,sim_gateway_integra,2026-09-07T17:59:55.820833Z,2026-09-07T17:59:58.691080Z,0.00,,,2026-09-07T17:59:58.691080Z,2026-09-07T17:59:58.691080Z
475,1636,SIM-e689600cb09a48d88593edccf2025562-36,CREDIT_CARD,APPROVED,111.10,BRL,6,sim_gateway_integra,2026-09-07T17:59:55.820833Z,2026-09-07T17:59:58.691080Z,0.00,,,2026-09-07T17:59:58.691080Z,2026-09-07T17:59:58.691080Z
476,811,SIM-e689600cb09a48d88593edccf2025562-37,PIX,APPROVED,99.00,BRL,1,sim_gateway_aurora,2026-09-07T17:59:55.820833Z,2026-09-07T17:59:58.691080Z,0.00,,,2026-09-07T17:59:58.691080Z,2026-09-07T17:59:58.691080Z
477,1475,SIM-e689600cb09a48d88593edccf2025562-38,PIX,APPROVED,307.50,BRL,1,sim_gateway_aurora,2026-09-07T17:59:55.820833Z,2026-09-07T17:59:58.691080Z,0.00,,,2026-09-07T17:59:58.691080Z,2026-09-07T17:59:58.691080Z
478,1402,SIM-e689600cb09a48d88593edccf2025562-39,PIX,APPROVED,199.23,BRL,1,sim_gateway_integra,2026-09-07T17:59:55.820833Z,2026-09-07T17:59:58.691080Z,0.00,,,2026-09-07T17:59:58.691080Z,2026-09-07T17:59:58.691080Z
479,524,SIM-e689600cb09a48d88593edccf2025562-40,PIX,APPROVED,395.78,BRL,1,sim_gateway_integra,2026-09-07T17:59:55.820833Z,2026-09-07T17:59:58.691080Z,0.00,,,2026-09-07T17:59:58.691080Z,2026-09-07T17:59:58.691080Z
480,2024,SIM-e689600cb09a48d88593edccf2025562-41,CREDIT_CARD,APPROVED,116.00,BRL,6,sim_gateway_integra,2026-09-07T17:59:55.820833Z,2026-09-07T17:59:58.691080Z,0.00,,,2026-09-07T17:59:58.691080Z,2026-09-07T17:59:58.691080Z
481,1457,SIM-e689600cb09a48d88593edccf2025562-42,CREDIT_CARD,PENDING,403.90,BRL,1,sim_gateway_aurora,,,0.00,,,2026-09-07T17:59:58.691080Z,2026-09-07T17:59:58.691080Z
482,304,SIM-e689600cb09a48d88593edccf2025562-43,BOLETO,PENDING,57.91,BRL,1,sim_gateway_integra,,,0.00,,,2026-09-07T17:59:58.691080Z,2026-09-07T17:59:58.691080Z
483,373,SIM-e689600cb09a48d88593edccf2025562-44,PIX,APPROVED,724.08,BRL,1,sim_gateway_integra,2026-09-07T17:59:55.820833Z,2026-09-07T17:59:58.691080Z,0.00,,,2026-09-07T17:59:58.691080Z,2026-09-07T17:59:58.691080Z
484,1393,SIM-e689600cb09a48d88593edccf2025562-45,BOLETO,PENDING,557.67,BRL,1,sim_gateway_aurora,,,0.00,,,2026-09-07T17:59:58.691080Z,2026-09-07T17:59:58.691080Z
485,1047,SIM-e689600cb09a48d88593edccf2025562-46,PIX,APPROVED,609.81,BRL,1,sim_gateway_horizonte,2026-09-07T17:59:55.820833Z,2026-09-07T17:59:58.691080Z,0.00,,,2026-09-07T17:59:58.691080Z,2026-09-07T17:59:58.691080Z
486,1537,SIM-e689600cb09a48d88593edccf2025562-47,DEBIT_CARD,APPROVED,300.95,BRL,1,sim_gateway_integra,2026-09-07T17:59:55.820833Z,2026-09-07T17:59:58.691080Z,0.00,,,2026-09-07T17:59:58.691080Z,2026-09-07T17:59:58.691080Z
487,404,SIM-e689600cb09a48d88593edccf2025562-48,CREDIT_CARD,APPROVED,149.74,BRL,6,sim_gateway_integra,2026-09-07T17:59:55.820833Z,2026-09-07T17:59:58.691080Z,0.00,,,2026-09-07T17:59:58.691080Z,2026-09-07T17:59:58.691080Z
488,388,SIM-e689600cb09a48d88593edccf2025562-49,CREDIT_CARD,APPROVED,306.17,BRL,3,sim_gateway_aurora,2026-09-07T17:59:55.820833Z,2026-09-07T17:59:58.691080Z,0.00,,,2026-09-07T17:59:58.691080Z,2026-09-07T17:59:58.691080Z
489,1230,SIM-e689600cb09a48d88593edccf2025562-50,CREDIT_CARD,APPROVED,480.38,BRL,1,sim_gateway_aurora,2026-09-07T17:59:55.820833Z,2026-09-07T17:59:58.691080Z,0.00,,,2026-09-07T17:59:58.691080Z,2026-09-07T17:59:58.691080Z
490,2032,SIM-e689600cb09a48d88593edccf2025562-51,CREDIT_CARD,APPROVED,563.48,BRL,6,sim_gateway_integra,2026-09-07T17:59:55.820833Z,2026-09-07T17:59:58.691080Z,0.00,,,2026-09-07T17:59:58.691080Z,2026-09-07T17:59:58.691080Z
491,2008,SIM-e689600cb09a48d88593edccf2025562-52,CREDIT_CARD,APPROVED,519.09,BRL,2,sim_gateway_integra,2026-09-07T17:59:55.820833Z,2026-09-07T17:59:58.691080Z,0.00,,,2026-09-07T17:59:58.691080Z,2026-09-07T17:59:58.691080Z
492,293,SIM-e689600cb09a48d88593edccf2025562-53,PIX,APPROVED,270.89,BRL,1,sim_gateway_horizonte,2026-09-07T17:59:55.820833Z,2026-09-07T17:59:58.691080Z,0.00,,,2026-09-07T17:59:58.691080Z,2026-09-07T17:59:58.691080Z
493,716,SIM-e689600cb09a48d88593edccf2025562-54,CREDIT_CARD,APPROVED,293.48,BRL,1,sim_gateway_aurora,2026-09-07T17:59:55.820833Z,2026-09-07T17:59:58.691080Z,0.00,,,2026-09-07T17:59:58.691080Z,2026-09-07T17:59:58.691080Z
494,1670,SIM-e689600cb09a48d88593edccf2025562-55,CREDIT_CARD,APPROVED,164.81,BRL,2,sim_gateway_integra,2026-09-07T17:59:55.820833Z,2026-09-07T17:59:58.691080Z,0.00,,,2026-09-07T17:59:58.691080Z,2026-09-07T17:59:58.691080Z
495,394,SIM-e689600cb09a48d88593edccf2025562-56,PIX,APPROVED,2589.42,BRL,1,sim_gateway_integra,2026-09-07T17:59:55.820833Z,2026-09-07T17:59:58.691080Z,0.00,,,2026-09-07T17:59:58.691080Z,2026-09-07T17:59:58.691080Z
496,755,SIM-e689600cb09a48d88593edccf2025562-57,PIX,PENDING,625.17,BRL,1,sim_gateway_integra,,,0.00,,,2026-09-07T17:59:58.691080Z,2026-09-07T17:59:58.691080Z
497,375,SIM-e689600cb09a48d88593edccf2025562-58,PIX,APPROVED,2537.73,BRL,1,sim_gateway_aurora,2026-09-07T17:59:55.820833Z,2026-09-07T17:59:58.691080Z,0.00,,,2026-09-07T17:59:58.691080Z,2026-09-07T17:59:58.691080Z
498,1026,SIM-e689600cb09a48d88593edccf2025562-59,PIX,APPROVED,144.59,BRL,1,sim_gateway_aurora,2026-09-07T17:59:55.820833Z,2026-09-07T17:59:58.691080Z,0.00,,,2026-09-07T17:59:58.691080Z,2026-09-07T17:59:58.691080Z
499,270,SIM-e689600cb09a48d88593edccf2025562-60,PIX,APPROVED,240.87,BRL,1,sim_gateway_aurora,2026-09-07T17:59:55.820833Z,2026-09-07T17:59:58.691080Z,0.00,,,2026-09-07T17:59:58.691080Z,2026-09-07T17:59:58.691080Z
500,1993,SIM-e689600cb09a48d88593edccf2025562-61,PIX,APPROVED,92.47,BRL,1,sim_gateway_aurora,2026-09-07T17:59:55.820833Z,2026-09-07T17:59:58.691080Z,0.00,,,2026-09-07T17:59:58.691080Z,2026-09-07T17:59:58.691080Z
501,411,SIM-e689600cb09a48d88593edccf2025562-62,CREDIT_CARD,APPROVED,500.60,BRL,2,sim_gateway_aurora,2026-09-07T17:59:55.820833Z,2026-09-07T17:59:58.691080Z,0.00,,,2026-09-07T17:59:58.691080Z,2026-09-07T17:59:58.691080Z
502,1492,SIM-e689600cb09a48d88593edccf2025562-63,CREDIT_CARD,APPROVED,218.59,BRL,2,sim_gateway_aurora,2026-09-07T17:59:55.820833Z,2026-09-07T17:59:58.691080Z,0.00,,,2026-09-07T17:59:58.691080Z,2026-09-07T17:59:58.691080Z
503,1271,SIM-e689600cb09a48d88593edccf2025562-64,CREDIT_CARD,APPROVED,89.41,BRL,3,sim_gateway_horizonte,2026-09-07T17:59:55.820833Z,2026-09-07T17:59:58.691080Z,0.00,,,2026-09-07T17:59:58.691080Z,2026-09-07T17:59:58.691080Z
504,1880,SIM-e689600cb09a48d88593edccf2025562-65,CREDIT_CARD,APPROVED,207.99,BRL,3,sim_gateway_aurora,2026-09-07T17:59:55.820833Z,2026-09-07T17:59:58.691080Z,0.00,,,2026-09-07T17:59:58.691080Z,2026-09-07T17:59:58.691080Z
505,1160,SIM-e689600cb09a48d88593edccf2025562-66,CREDIT_CARD,APPROVED,91.00,BRL,1,sim_gateway_aurora,2026-09-07T17:59:55.820833Z,2026-09-07T17:59:58.691080Z,0.00,,,2026-09-07T17:59:58.691080Z,2026-09-07T17:59:58.691080Z
506,1936,SIM-e689600cb09a48d88593edccf2025562-67,CREDIT_CARD,APPROVED,69.97,BRL,2,sim_gateway_horizonte,2026-09-07T17:59:55.820833Z,2026-09-07T17:59:58.691080Z,0.00,,,2026-09-07T17:59:58.691080Z,2026-09-07T17:59:58.691080Z
507,1424,SIM-e689600cb09a48d88593edccf2025562-68,CREDIT_CARD,APPROVED,165.39,BRL,2,sim_gateway_horizonte,2026-09-07T17:59:55.820833Z,2026-09-07T17:59:58.691080Z,0.00,,,2026-09-07T17:59:58.691080Z,2026-09-07T17:59:58.691080Z
508,1386,SIM-e689600cb09a48d88593edccf2025562-69,PIX,APPROVED,787.27,BRL,1,sim_gateway_aurora,2026-09-07T17:59:55.820833Z,2026-09-07T17:59:58.691080Z,0.00,,,2026-09-07T17:59:58.691080Z,2026-09-07T17:59:58.691080Z
509,1088,SIM-e689600cb09a48d88593edccf2025562-70,CREDIT_CARD,APPROVED,68.58,BRL,6,sim_gateway_horizonte,2026-09-07T17:59:55.820833Z,2026-09-07T17:59:58.691080Z,0.00,,,2026-09-07T17:59:58.691080Z,2026-09-07T17:59:58.691080Z
510,959,SIM-e689600cb09a48d88593edccf2025562-71,PIX,APPROVED,132.55,BRL,1,sim_gateway_integra,2026-09-07T17:59:55.820833Z,2026-09-07T17:59:58.691080Z,0.00,,,2026-09-07T17:59:58.691080Z,2026-09-07T17:59:58.691080Z
511,1322,SIM-e689600cb09a48d88593edccf2025562-72,PIX,APPROVED,111.20,BRL,1,sim_gateway_integra,2026-09-07T17:59:55.820833Z,2026-09-07T17:59:58.691080Z,0.00,,,2026-09-07T17:59:58.691080Z,2026-09-07T17:59:58.691080Z
512,804,SIM-e689600cb09a48d88593edccf2025562-73,CREDIT_CARD,APPROVED,351.31,BRL,6,sim_gateway_horizonte,2026-09-07T17:59:55.820833Z,2026-09-07T17:59:58.691080Z,0.00,,,2026-09-07T17:59:58.691080Z,2026-09-07T17:59:58.691080Z
513,1849,SIM-e689600cb09a48d88593edccf2025562-74,BOLETO,APPROVED,273.47,BRL,1,sim_gateway_aurora,2026-09-07T17:59:55.820833Z,2026-09-07T17:59:58.691080Z,0.00,,,2026-09-07T17:59:58.691080Z,2026-09-07T17:59:58.691080Z
514,444,SIM-e689600cb09a48d88593edccf2025562-75,CREDIT_CARD,PENDING,754.94,BRL,3,sim_gateway_integra,,,0.00,,,2026-09-07T17:59:58.691080Z,2026-09-07T17:59:58.691080Z
515,1764,SIM-e689600cb09a48d88593edccf2025562-76,PIX,PENDING,153.61,BRL,1,sim_gateway_horizonte,,,0.00,,,2026-09-07T17:59:58.691080Z,2026-09-07T17:59:58.691080Z
516,324,SIM-e689600cb09a48d88593edccf2025562-77,CREDIT_CARD,APPROVED,61.66,BRL,2,sim_gateway_aurora,2026-09-07T17:59:55.820833Z,2026-09-07T17:59:58.691080Z,0.00,,,2026-09-07T17:59:58.691080Z,2026-09-07T17:59:58.691080Z
517,882,SIM-e689600cb09a48d88593edccf2025562-78,PIX,APPROVED,245.88,BRL,1,sim_gateway_aurora,2026-09-07T17:59:55.820833Z,2026-09-07T17:59:58.691080Z,0.00,,,2026-09-07T17:59:58.691080Z,2026-09-07T17:59:58.691080Z
518,723,SIM-e689600cb09a48d88593edccf2025562-79,CREDIT_CARD,APPROVED,584.12,BRL,1,sim_gateway_integra,2026-09-07T17:59:55.820833Z,2026-09-07T17:59:58.691080Z,0.00,,,2026-09-07T17:59:58.691080Z,2026-09-07T17:59:58.691080Z
519,808,SIM-e689600cb09a48d88593edccf2025562-80,PIX,APPROVED,258.89,BRL,1,sim_gateway_aurora,2026-09-07T17:59:55.820833Z,2026-09-07T17:59:58.691080Z,0.00,,,2026-09-07T17:59:58.691080Z,2026-09-07T17:59:58.691080Z
520,614,SIM-e689600cb09a48d88593edccf2025562-81,CREDIT_CARD,APPROVED,679.18,BRL,1,sim_gateway_integra,2026-09-07T17:59:55.820833Z,2026-09-07T17:59:58.691080Z,0.00,,,2026-09-07T17:59:58.691080Z,2026-09-07T17:59:58.691080Z
521,721,SIM-e689600cb09a48d88593edccf2025562-82,CREDIT_CARD,APPROVED,975.31,BRL,3,sim_gateway_aurora,2026-09-07T17:59:55.820833Z,2026-09-07T17:59:58.691080Z,0.00,,,2026-09-07T17:59:58.691080Z,2026-09-07T17:59:58.691080Z
522,824,SIM-e689600cb09a48d88593edccf2025562-83,CREDIT_CARD,APPROVED,313.02,BRL,3,sim_gateway_integra,2026-09-07T17:59:55.820833Z,2026-09-07T17:59:58.691080Z,0.00,,,2026-09-07T17:59:58.691080Z,2026-09-07T17:59:58.691080Z
523,683,SIM-e689600cb09a48d88593edccf2025562-84,BOLETO,APPROVED,365.17,BRL,1,sim_gateway_aurora,2026-09-07T17:59:55.820833Z,2026-09-07T17:59:58.691080Z,0.00,,,2026-09-07T17:59:58.691080Z,2026-09-07T17:59:58.691080Z
524,244,SIM-e689600cb09a48d88593edccf2025562-85,CREDIT_CARD,APPROVED,1559.75,BRL,3,sim_gateway_horizonte,2026-09-07T17:59:55.820833Z,2026-09-07T17:59:58.691080Z,0.00,,,2026-09-07T17:59:58.691080Z,2026-09-07T17:59:58.691080Z
525,1752,SIM-e689600cb09a48d88593edccf2025562-86,DEBIT_CARD,APPROVED,2303.47,BRL,1,sim_gateway_integra,2026-09-07T17:59:55.820833Z,2026-09-07T17:59:58.691080Z,0.00,,,2026-09-07T17:59:58.691080Z,2026-09-07T17:59:58.691080Z
526,784,SIM-e689600cb09a48d88593edccf2025562-87,PIX,APPROVED,807.14,BRL,1,sim_gateway_aurora,2026-09-07T17:59:55.820833Z,2026-09-07T17:59:58.691080Z,0.00,,,2026-09-07T17:59:58.691080Z,2026-09-07T17:59:58.691080Z
527,1120,SIM-e689600cb09a48d88593edccf2025562-88,PIX,APPROVED,62.97,BRL,1,sim_gateway_aurora,2026-09-07T17:59:55.820833Z,2026-09-07T17:59:58.691080Z,0.00,,,2026-09-07T17:59:58.691080Z,2026-09-07T17:59:58.691080Z
528,1872,SIM-e689600cb09a48d88593edccf2025562-89,PIX,APPROVED,133.84,BRL,1,sim_gateway_horizonte,2026-09-07T17:59:55.820833Z,2026-09-07T17:59:58.691080Z,0.00,,,2026-09-07T17:59:58.691080Z,2026-09-07T17:59:58.691080Z
529,879,SIM-e689600cb09a48d88593edccf2025562-90,CREDIT_CARD,CANCELLED,512.73,BRL,6,sim_gateway_aurora,,,0.00,,,2026-09-07T17:59:58.691080Z,2026-09-07T17:59:58.691080Z
530,582,SIM-e689600cb09a48d88593edccf2025562-91,CREDIT_CARD,APPROVED,343.50,BRL,1,sim_gateway_aurora,2026-09-07T17:59:55.820833Z,2026-09-07T17:59:58.691080Z,0.00,,,2026-09-07T17:59:58.691080Z,2026-09-07T17:59:58.691080Z
531,1065,SIM-e689600cb09a48d88593edccf2025562-92,BOLETO,APPROVED,381.27,BRL,1,sim_gateway_horizonte,2026-09-07T17:59:55.820833Z,2026-09-07T17:59:58.691080Z,0.00,,,2026-09-07T17:59:58.691080Z,2026-09-07T17:59:58.691080Z
532,1756,SIM-e689600cb09a48d88593edccf2025562-93,PIX,PENDING,1164.34,BRL,1,sim_gateway_integra,,,0.00,,,2026-09-07T17:59:58.691080Z,2026-09-07T17:59:58.691080Z
533,736,SIM-e689600cb09a48d88593edccf2025562-94,PIX,APPROVED,735.10,BRL,1,sim_gateway_aurora,2026-09-07T17:59:55.820833Z,2026-09-07T17:59:58.691080Z,0.00,,,2026-09-07T17:59:58.691080Z,2026-09-07T17:59:58.691080Z
534,1042,SIM-e689600cb09a48d88593edccf2025562-95,PIX,APPROVED,478.92,BRL,1,sim_gateway_horizonte,2026-09-07T17:59:55.820833Z,2026-09-07T17:59:58.691080Z,0.00,,,2026-09-07T17:59:58.691080Z,2026-09-07T17:59:58.691080Z
535,825,SIM-e689600cb09a48d88593edccf2025562-96,CREDIT_CARD,APPROVED,2209.74,BRL,3,sim_gateway_integra,2026-09-07T17:59:55.820833Z,2026-09-07T17:59:58.691080Z,0.00,,,2026-09-07T17:59:58.691080Z,2026-09-07T17:59:58.691080Z
536,1003,SIM-e689600cb09a48d88593edccf2025562-97,CREDIT_CARD,APPROVED,789.43,BRL,6,sim_gateway_aurora,2026-09-07T17:59:55.820833Z,2026-09-07T17:59:58.691080Z,0.00,,,2026-09-07T17:59:58.691080Z,2026-09-07T17:59:58.691080Z
537,1769,SIM-e689600cb09a48d88593edccf2025562-98,DEBIT_CARD,APPROVED,425.87,BRL,1,sim_gateway_aurora,2026-09-07T17:59:55.820833Z,2026-09-07T17:59:58.691080Z,0.00,,,2026-09-07T17:59:58.691080Z,2026-09-07T17:59:58.691080Z
538,994,SIM-e689600cb09a48d88593edccf2025562-99,BOLETO,CANCELLED,405.34,BRL,1,sim_gateway_integra,,,0.00,,,2026-09-07T17:59:58.691080Z,2026-09-07T17:59:58.691080Z
539,751,SIM-e689600cb09a48d88593edccf2025562-100,PIX,PENDING,3129.78,BRL,1,sim_gateway_horizonte,,,0.00,,,2026-09-07T17:59:58.691080Z,2026-09-07T17:59:58.691080Z
540,559,SIM-e689600cb09a48d88593edccf2025562-101,CREDIT_CARD,APPROVED,184.80,BRL,3,sim_gateway_aurora,2026-09-07T17:59:55.820833Z,2026-09-07T17:59:58.691080Z,0.00,,,2026-09-07T17:59:58.691080Z,2026-09-07T17:59:58.691080Z
541,305,SIM-e689600cb09a48d88593edccf2025562-102,DEBIT_CARD,APPROVED,347.78,BRL,1,sim_gateway_horizonte,2026-09-07T17:59:55.820833Z,2026-09-07T17:59:58.691080Z,0.00,,,2026-09-07T17:59:58.691080Z,2026-09-07T17:59:58.691080Z
542,1931,SIM-e689600cb09a48d88593edccf2025562-103,PIX,APPROVED,98.20,BRL,1,sim_gateway_aurora,2026-09-07T17:59:55.820833Z,2026-09-07T17:59:58.691080Z,0.00,,,2026-09-07T17:59:58.691080Z,2026-09-07T17:59:58.691080Z
543,1678,SIM-e689600cb09a48d88593edccf2025562-104,CREDIT_CARD,APPROVED,55.59,BRL,1,sim_gateway_horizonte,2026-09-07T17:59:55.820833Z,2026-09-07T17:59:58.691080Z,0.00,,,2026-09-07T17:59:58.691080Z,2026-09-07T17:59:58.691080Z
544,1552,SIM-e689600cb09a48d88593edccf2025562-105,CREDIT_CARD,APPROVED,378.71,BRL,1,sim_gateway_horizonte,2026-09-07T17:59:55.820833Z,2026-09-07T17:59:58.691080Z,0.00,,,2026-09-07T17:59:58.691080Z,2026-09-07T17:59:58.691080Z
545,635,SIM-e689600cb09a48d88593edccf2025562-106,CREDIT_CARD,APPROVED,125.87,BRL,2,sim_gateway_horizonte,2026-09-07T17:59:55.820833Z,2026-09-07T17:59:58.691080Z,0.00,,,2026-09-07T17:59:58.691080Z,2026-09-07T17:59:58.691080Z
546,1276,SIM-e689600cb09a48d88593edccf2025562-107,CREDIT_CARD,APPROVED,98.34,BRL,1,sim_gateway_horizonte,2026-09-07T17:59:55.820833Z,2026-09-07T17:59:58.691080Z,0.00,,,2026-09-07T17:59:58.691080Z,2026-09-07T17:59:58.691080Z
547,778,SIM-e689600cb09a48d88593edccf2025562-108,PIX,APPROVED,993.29,BRL,1,sim_gateway_integra,2026-09-07T17:59:55.820833Z,2026-09-07T17:59:58.691080Z,0.00,,,2026-09-07T17:59:58.691080Z,2026-09-07T17:59:58.691080Z
548,1133,SIM-e689600cb09a48d88593edccf2025562-109,PIX,APPROVED,1593.58,BRL,1,sim_gateway_aurora,2026-09-07T17:59:55.820833Z,2026-09-07T17:59:58.691080Z,0.00,,,2026-09-07T17:59:58.691080Z,2026-09-07T17:59:58.691080Z
549,770,SIM-e689600cb09a48d88593edccf2025562-110,CREDIT_CARD,APPROVED,321.68,BRL,6,sim_gateway_horizonte,2026-09-07T17:59:55.820833Z,2026-09-07T17:59:58.691080Z,0.00,,,2026-09-07T17:59:58.691080Z,2026-09-07T17:59:58.691080Z
550,1134,SIM-e689600cb09a48d88593edccf2025562-111,BOLETO,APPROVED,134.79,BRL,1,sim_gateway_horizonte,2026-09-07T17:59:55.820833Z,2026-09-07T17:59:58.691080Z,0.00,,,2026-09-07T17:59:58.691080Z,2026-09-07T17:59:58.691080Z
551,774,SIM-e689600cb09a48d88593edccf2025562-112,PIX,APPROVED,67.13,BRL,1,sim_gateway_aurora,2026-09-07T17:59:55.820833Z,2026-09-07T17:59:58.691080Z,0.00,,,2026-09-07T17:59:58.691080Z,2026-09-07T17:59:58.691080Z
552,624,SIM-e689600cb09a48d88593edccf2025562-113,PIX,APPROVED,66.78,BRL,1,sim_gateway_aurora,2026-09-07T17:59:55.820833Z,2026-09-07T17:59:58.691080Z,0.00,,,2026-09-07T17:59:58.691080Z,2026-09-07T17:59:58.691080Z
553,522,SIM-e689600cb09a48d88593edccf2025562-114,CREDIT_CARD,APPROVED,546.20,BRL,3,sim_gateway_horizonte,2026-09-07T17:59:55.820833Z,2026-09-07T17:59:58.691080Z,0.00,,,2026-09-07T17:59:58.691080Z,2026-09-07T17:59:58.691080Z
554,1948,SIM-e689600cb09a48d88593edccf2025562-115,CREDIT_CARD,APPROVED,222.81,BRL,2,sim_gateway_horizonte,2026-09-07T17:59:55.820833Z,2026-09-07T17:59:58.691080Z,0.00,,,2026-09-07T17:59:58.691080Z,2026-09-07T17:59:58.691080Z
555,1629,SIM-e689600cb09a48d88593edccf2025562-116,PIX,CANCELLED,303.20,BRL,1,sim_gateway_horizonte,,,0.00,,,2026-09-07T17:59:58.691080Z,2026-09-07T17:59:58.691080Z
556,1539,SIM-e689600cb09a48d88593edccf2025562-117,PIX,APPROVED,2450.25,BRL,1,sim_gateway_aurora,2026-09-07T17:59:55.820833Z,2026-09-07T17:59:58.691080Z,0.00,,,2026-09-07T17:59:58.691080Z,2026-09-07T17:59:58.691080Z
557,1765,SIM-e689600cb09a48d88593edccf2025562-118,CREDIT_CARD,APPROVED,74.80,BRL,1,sim_gateway_integra,2026-09-07T17:59:55.820833Z,2026-09-07T17:59:58.691080Z,0.00,,,2026-09-07T17:59:58.691080Z,2026-09-07T17:59:58.691080Z
558,342,SIM-e689600cb09a48d88593edccf2025562-119,CREDIT_CARD,PENDING,353.90,BRL,6,sim_gateway_aurora,,,0.00,,,2026-09-07T17:59:58.691080Z,2026-09-07T17:59:58.691080Z
559,1480,SIM-e689600cb09a48d88593edccf2025562-120,DEBIT_CARD,APPROVED,203.81,BRL,1,sim_gateway_horizonte,2026-09-07T17:59:55.820833Z,2026-09-07T17:59:58.691080Z,0.00,,,2026-09-07T17:59:58.691080Z,2026-09-07T17:59:58.691080Z
560,480,SIM-e689600cb09a48d88593edccf2025562-121,CREDIT_CARD,APPROVED,189.41,BRL,3,sim_gateway_aurora,2026-09-07T17:59:55.820833Z,2026-09-07T17:59:58.691080Z,0.00,,,2026-09-07T17:59:58.691080Z,2026-09-07T17:59:58.691080Z
561,1461,SIM-e689600cb09a48d88593edccf2025562-122,PIX,APPROVED,54.21,BRL,1,sim_gateway_integra,2026-09-07T17:59:55.820833Z,2026-09-07T17:59:58.691080Z,0.00,,,2026-09-07T17:59:58.691080Z,2026-09-07T17:59:58.691080Z
562,1596,SIM-e689600cb09a48d88593edccf2025562-123,PIX,APPROVED,318.78,BRL,1,sim_gateway_horizonte,2026-09-07T17:59:55.820833Z,2026-09-07T17:59:58.691080Z,0.00,,,2026-09-07T17:59:58.691080Z,2026-09-07T17:59:58.691080Z
563,1927,SIM-e689600cb09a48d88593edccf2025562-124,PIX,PENDING,114.80,BRL,1,sim_gateway_integra,,,0.00,,,2026-09-07T17:59:58.691080Z,2026-09-07T17:59:58.691080Z
564,419,SIM-e689600cb09a48d88593edccf2025562-125,PIX,APPROVED,59.18,BRL,1,sim_gateway_aurora,2026-09-07T17:59:55.820833Z,2026-09-07T17:59:58.691080Z,0.00,,,2026-09-07T17:59:58.691080Z,2026-09-07T17:59:58.691080Z
565,1102,SIM-e689600cb09a48d88593edccf2025562-126,BOLETO,APPROVED,1809.88,BRL,1,sim_gateway_integra,2026-09-07T17:59:55.820833Z,2026-09-07T17:59:58.691080Z,0.00,,,2026-09-07T17:59:58.691080Z,2026-09-07T17:59:58.691080Z
566,310,SIM-e689600cb09a48d88593edccf2025562-127,PIX,APPROVED,3107.24,BRL,1,sim_gateway_integra,2026-09-07T17:59:55.820833Z,2026-09-07T17:59:58.691080Z,0.00,,,2026-09-07T17:59:58.691080Z,2026-09-07T17:59:58.691080Z
567,512,SIM-e689600cb09a48d88593edccf2025562-128,PIX,APPROVED,384.31,BRL,1,sim_gateway_integra,2026-09-07T17:59:55.820833Z,2026-09-07T17:59:58.691080Z,0.00,,,2026-09-07T17:59:58.691080Z,2026-09-07T17:59:58.691080Z
568,1044,SIM-e689600cb09a48d88593edccf2025562-129,PIX,PENDING,484.98,BRL,1,sim_gateway_integra,,,0.00,,,2026-09-07T17:59:58.691080Z,2026-09-07T17:59:58.691080Z
569,1653,SIM-e689600cb09a48d88593edccf2025562-130,PIX,APPROVED,158.30,BRL,1,sim_gateway_integra,2026-09-07T17:59:55.820833Z,2026-09-07T17:59:58.691080Z,0.00,,,2026-09-07T17:59:58.691080Z,2026-09-07T17:59:58.691080Z
570,665,SIM-e689600cb09a48d88593edccf2025562-131,PIX,APPROVED,299.79,BRL,1,sim_gateway_horizonte,2026-09-07T17:59:55.820833Z,2026-09-07T17:59:58.691080Z,0.00,,,2026-09-07T17:59:58.691080Z,2026-09-07T17:59:58.691080Z
571,1929,SIM-e689600cb09a48d88593edccf2025562-132,CREDIT_CARD,APPROVED,243.18,BRL,6,sim_gateway_integra,2026-09-07T17:59:55.820833Z,2026-09-07T17:59:58.691080Z,0.00,,,2026-09-07T17:59:58.691080Z,2026-09-07T17:59:58.691080Z
572,466,SIM-e689600cb09a48d88593edccf2025562-133,CREDIT_CARD,APPROVED,364.85,BRL,3,sim_gateway_aurora,2026-09-07T17:59:55.820833Z,2026-09-07T17:59:58.691080Z,0.00,,,2026-09-07T17:59:58.691080Z,2026-09-07T17:59:58.691080Z
573,921,SIM-e689600cb09a48d88593edccf2025562-134,CREDIT_CARD,CANCELLED,623.05,BRL,2,sim_gateway_integra,,,0.00,,,2026-09-07T17:59:58.691080Z,2026-09-07T17:59:58.691080Z
574,1518,SIM-e689600cb09a48d88593edccf2025562-135,CREDIT_CARD,APPROVED,309.49,BRL,6,sim_gateway_horizonte,2026-09-07T17:59:55.820833Z,2026-09-07T17:59:58.691080Z,0.00,,,2026-09-07T17:59:58.691080Z,2026-09-07T17:59:58.691080Z
575,1608,SIM-e689600cb09a48d88593edccf2025562-136,PIX,APPROVED,178.72,BRL,1,sim_gateway_aurora,2026-09-07T17:59:55.820833Z,2026-09-07T17:59:58.691080Z,0.00,,,2026-09-07T17:59:58.691080Z,2026-09-07T17:59:58.691080Z
576,1142,SIM-e689600cb09a48d88593edccf2025562-137,CREDIT_CARD,APPROVED,2829.11,BRL,2,sim_gateway_integra,2026-09-07T17:59:55.820833Z,2026-09-07T17:59:58.691080Z,0.00,,,2026-09-07T17:59:58.691080Z,2026-09-07T17:59:58.691080Z
577,1718,SIM-e689600cb09a48d88593edccf2025562-138,DEBIT_CARD,APPROVED,280.25,BRL,1,sim_gateway_integra,2026-09-07T17:59:55.820833Z,2026-09-07T17:59:58.691080Z,0.00,,,2026-09-07T17:59:58.691080Z,2026-09-07T17:59:58.691080Z
578,1837,SIM-e689600cb09a48d88593edccf2025562-139,CREDIT_CARD,APPROVED,366.66,BRL,2,sim_gateway_aurora,2026-09-07T17:59:55.820833Z,2026-09-07T17:59:58.691080Z,0.00,,,2026-09-07T17:59:58.691080Z,2026-09-07T17:59:58.691080Z
579,279,SIM-e689600cb09a48d88593edccf2025562-140,DEBIT_CARD,PENDING,178.85,BRL,1,sim_gateway_aurora,,,0.00,,,2026-09-07T17:59:58.691080Z,2026-09-07T17:59:58.691080Z
580,348,SIM-e689600cb09a48d88593edccf2025562-141,CREDIT_CARD,APPROVED,814.67,BRL,6,sim_gateway_horizonte,2026-09-07T17:59:55.820833Z,2026-09-07T17:59:58.691080Z,0.00,,,2026-09-07T17:59:58.691080Z,2026-09-07T17:59:58.691080Z
581,833,SIM-e689600cb09a48d88593edccf2025562-142,PIX,PENDING,185.39,BRL,1,sim_gateway_aurora,,,0.00,,,2026-09-07T17:59:58.691080Z,2026-09-07T17:59:58.691080Z
582,1917,SIM-e689600cb09a48d88593edccf2025562-143,PIX,APPROVED,399.06,BRL,1,sim_gateway_aurora,2026-09-07T17:59:55.820833Z,2026-09-07T17:59:58.691080Z,0.00,,,2026-09-07T17:59:58.691080Z,2026-09-07T17:59:58.691080Z
583,462,SIM-e689600cb09a48d88593edccf2025562-144,CREDIT_CARD,APPROVED,262.19,BRL,2,sim_gateway_integra,2026-09-07T17:59:55.820833Z,2026-09-07T17:59:58.691080Z,0.00,,,2026-09-07T17:59:58.691080Z,2026-09-07T17:59:58.691080Z
584,896,SIM-e689600cb09a48d88593edccf2025562-145,PIX,APPROVED,752.01,BRL,1,sim_gateway_aurora,2026-09-07T17:59:55.820833Z,2026-09-07T17:59:58.691080Z,0.00,,,2026-09-07T17:59:58.691080Z,2026-09-07T17:59:58.691080Z
585,1030,SIM-e689600cb09a48d88593edccf2025562-146,CREDIT_CARD,APPROVED,210.41,BRL,1,sim_gateway_integra,2026-09-07T17:59:55.820833Z,2026-09-07T17:59:58.691080Z,0.00,,,2026-09-07T17:59:58.691080Z,2026-09-07T17:59:58.691080Z
586,1915,SIM-e689600cb09a48d88593edccf2025562-147,CREDIT_CARD,APPROVED,403.90,BRL,6,sim_gateway_horizonte,2026-09-07T17:59:55.820833Z,2026-09-07T17:59:58.691080Z,0.00,,,2026-09-07T17:59:58.691080Z,2026-09-07T17:59:58.691080Z
587,1502,SIM-e689600cb09a48d88593edccf2025562-148,CREDIT_CARD,APPROVED,197.71,BRL,3,sim_gateway_aurora,2026-09-07T17:59:55.820833Z,2026-09-07T17:59:58.691080Z,0.00,,,2026-09-07T17:59:58.691080Z,2026-09-07T17:59:58.691080Z
588,331,SIM-e689600cb09a48d88593edccf2025562-149,CREDIT_CARD,APPROVED,211.50,BRL,6,sim_gateway_horizonte,2026-09-07T17:59:55.820833Z,2026-09-07T17:59:58.691080Z,0.00,,,2026-09-07T17:59:58.691080Z,2026-09-07T17:59:58.691080Z
589,1356,SIM-e689600cb09a48d88593edccf2025562-150,CREDIT_CARD,APPROVED,209.26,BRL,2,sim_gateway_aurora,2026-09-07T17:59:55.820833Z,2026-09-07T17:59:58.691080Z,0.00,,,2026-09-07T17:59:58.691080Z,2026-09-07T17:59:58.691080Z
590,1100,SIM-e689600cb09a48d88593edccf2025562-151,PIX,APPROVED,138.65,BRL,1,sim_gateway_aurora,2026-09-07T17:59:55.820833Z,2026-09-07T17:59:58.691080Z,0.00,,,2026-09-07T17:59:58.691080Z,2026-09-07T17:59:58.691080Z
591,323,SIM-e689600cb09a48d88593edccf2025562-152,DEBIT_CARD,APPROVED,667.75,BRL,1,sim_gateway_integra,2026-09-07T17:59:55.820833Z,2026-09-07T17:59:58.691080Z,0.00,,,2026-09-07T17:59:58.691080Z,2026-09-07T17:59:58.691080Z
592,473,SIM-e689600cb09a48d88593edccf2025562-153,CREDIT_CARD,APPROVED,2142.96,BRL,2,sim_gateway_horizonte,2026-09-07T17:59:55.820833Z,2026-09-07T17:59:58.691080Z,0.00,,,2026-09-07T17:59:58.691080Z,2026-09-07T17:59:58.691080Z
593,829,SIM-e689600cb09a48d88593edccf2025562-154,CREDIT_CARD,APPROVED,66.80,BRL,6,sim_gateway_integra,2026-09-07T17:59:55.820833Z,2026-09-07T17:59:58.691080Z,0.00,,,2026-09-07T17:59:58.691080Z,2026-09-07T17:59:58.691080Z
594,322,SIM-e689600cb09a48d88593edccf2025562-155,CREDIT_CARD,APPROVED,525.76,BRL,6,sim_gateway_integra,2026-09-07T17:59:55.820833Z,2026-09-07T17:59:58.691080Z,0.00,,,2026-09-07T17:59:58.691080Z,2026-09-07T17:59:58.691080Z
595,339,SIM-e689600cb09a48d88593edccf2025562-156,PIX,PENDING,149.31,BRL,1,sim_gateway_horizonte,,,0.00,,,2026-09-07T17:59:58.691080Z,2026-09-07T17:59:58.691080Z
596,979,SIM-e689600cb09a48d88593edccf2025562-157,PIX,APPROVED,510.66,BRL,1,sim_gateway_horizonte,2026-09-07T17:59:55.820833Z,2026-09-07T17:59:58.691080Z,0.00,,,2026-09-07T17:59:58.691080Z,2026-09-07T17:59:58.691080Z
597,285,SIM-e689600cb09a48d88593edccf2025562-158,PIX,APPROVED,2526.68,BRL,1,sim_gateway_horizonte,2026-09-07T17:59:55.820833Z,2026-09-07T17:59:58.691080Z,0.00,,,2026-09-07T17:59:58.691080Z,2026-09-07T17:59:58.691080Z
598,1941,SIM-e689600cb09a48d88593edccf2025562-159,PIX,PENDING,512.56,BRL,1,sim_gateway_horizonte,,,0.00,,,2026-09-07T17:59:58.691080Z,2026-09-07T17:59:58.691080Z
599,1533,SIM-e689600cb09a48d88593edccf2025562-160,PIX,APPROVED,305.40,BRL,1,sim_gateway_aurora,2026-09-07T17:59:55.820833Z,2026-09-07T17:59:58.691080Z,0.00,,,2026-09-07T17:59:58.691080Z,2026-09-07T17:59:58.691080Z
600,819,SIM-e689600cb09a48d88593edccf2025562-161,CREDIT_CARD,APPROVED,127.81,BRL,3,sim_gateway_horizonte,2026-09-07T17:59:55.820833Z,2026-09-07T17:59:58.691080Z,0.00,,,2026-09-07T17:59:58.691080Z,2026-09-07T17:59:58.691080Z
601,1011,SIM-e689600cb09a48d88593edccf2025562-162,PIX,PENDING,177.39,BRL,1,sim_gateway_aurora,,,0.00,,,2026-09-07T17:59:58.691080Z,2026-09-07T17:59:58.691080Z
602,792,SIM-e689600cb09a48d88593edccf2025562-163,BOLETO,APPROVED,866.10,BRL,1,sim_gateway_horizonte,2026-09-07T17:59:55.820833Z,2026-09-07T17:59:58.691080Z,0.00,,,2026-09-07T17:59:58.691080Z,2026-09-07T17:59:58.691080Z
603,337,SIM-e689600cb09a48d88593edccf2025562-164,PIX,CANCELLED,198.00,BRL,1,sim_gateway_horizonte,,,0.00,,,2026-09-07T17:59:58.691080Z,2026-09-07T17:59:58.691080Z
604,659,SIM-e689600cb09a48d88593edccf2025562-165,PIX,APPROVED,708.43,BRL,1,sim_gateway_horizonte,2026-09-07T17:59:55.820833Z,2026-09-07T17:59:58.691080Z,0.00,,,2026-09-07T17:59:58.691080Z,2026-09-07T17:59:58.691080Z
605,1326,SIM-e689600cb09a48d88593edccf2025562-166,CREDIT_CARD,APPROVED,124.79,BRL,2,sim_gateway_horizonte,2026-09-07T17:59:55.820833Z,2026-09-07T17:59:58.691080Z,0.00,,,2026-09-07T17:59:58.691080Z,2026-09-07T17:59:58.691080Z
606,698,SIM-e689600cb09a48d88593edccf2025562-167,PIX,PENDING,138.30,BRL,1,sim_gateway_aurora,,,0.00,,,2026-09-07T17:59:58.691080Z,2026-09-07T17:59:58.691080Z
607,1283,SIM-e689600cb09a48d88593edccf2025562-168,CREDIT_CARD,APPROVED,67.58,BRL,3,sim_gateway_aurora,2026-09-07T17:59:55.820833Z,2026-09-07T17:59:58.691080Z,0.00,,,2026-09-07T17:59:58.691080Z,2026-09-07T17:59:58.691080Z
608,1118,SIM-e689600cb09a48d88593edccf2025562-169,CREDIT_CARD,APPROVED,1930.48,BRL,3,sim_gateway_integra,2026-09-07T17:59:55.820833Z,2026-09-07T17:59:58.691080Z,0.00,,,2026-09-07T17:59:58.691080Z,2026-09-07T17:59:58.691080Z
609,1588,SIM-e689600cb09a48d88593edccf2025562-170,CREDIT_CARD,PENDING,203.91,BRL,6,sim_gateway_integra,,,0.00,,,2026-09-07T17:59:58.691080Z,2026-09-07T17:59:58.691080Z
610,325,SIM-e689600cb09a48d88593edccf2025562-171,PIX,APPROVED,1118.90,BRL,1,sim_gateway_integra,2026-09-07T17:59:55.820833Z,2026-09-07T17:59:58.691080Z,0.00,,,2026-09-07T17:59:58.691080Z,2026-09-07T17:59:58.691080Z
611,264,SIM-e689600cb09a48d88593edccf2025562-172,CREDIT_CARD,APPROVED,306.01,BRL,6,sim_gateway_integra,2026-09-07T17:59:55.820833Z,2026-09-07T17:59:58.691080Z,0.00,,,2026-09-07T17:59:58.691080Z,2026-09-07T17:59:58.691080Z
612,1152,SIM-e689600cb09a48d88593edccf2025562-173,BOLETO,APPROVED,266.10,BRL,1,sim_gateway_aurora,2026-09-07T17:59:55.820833Z,2026-09-07T17:59:58.691080Z,0.00,,,2026-09-07T17:59:58.691080Z,2026-09-07T17:59:58.691080Z
613,823,SIM-e689600cb09a48d88593edccf2025562-174,PIX,APPROVED,176.29,BRL,1,sim_gateway_horizonte,2026-09-07T17:59:55.820833Z,2026-09-07T17:59:58.691080Z,0.00,,,2026-09-07T17:59:58.691080Z,2026-09-07T17:59:58.691080Z
614,1576,SIM-e689600cb09a48d88593edccf2025562-175,PIX,APPROVED,66.39,BRL,1,sim_gateway_horizonte,2026-09-07T17:59:55.820833Z,2026-09-07T17:59:58.691080Z,0.00,,,2026-09-07T17:59:58.691080Z,2026-09-07T17:59:58.691080Z
615,1307,SIM-e689600cb09a48d88593edccf2025562-176,PIX,APPROVED,403.80,BRL,1,sim_gateway_aurora,2026-09-07T17:59:55.820833Z,2026-09-07T17:59:58.691080Z,0.00,,,2026-09-07T17:59:58.691080Z,2026-09-07T17:59:58.691080Z
616,1687,SIM-e689600cb09a48d88593edccf2025562-177,CREDIT_CARD,PENDING,1124.88,BRL,1,sim_gateway_aurora,,,0.00,,,2026-09-07T17:59:58.691080Z,2026-09-07T17:59:58.691080Z
617,584,SIM-e689600cb09a48d88593edccf2025562-178,CREDIT_CARD,APPROVED,56.53,BRL,2,sim_gateway_horizonte,2026-09-07T17:59:55.820833Z,2026-09-07T17:59:58.691080Z,0.00,,,2026-09-07T17:59:58.691080Z,2026-09-07T17:59:58.691080Z
618,298,SIM-e689600cb09a48d88593edccf2025562-179,PIX,APPROVED,264.20,BRL,1,sim_gateway_integra,2026-09-07T17:59:55.820833Z,2026-09-07T17:59:58.691080Z,0.00,,,2026-09-07T17:59:58.691080Z,2026-09-07T17:59:58.691080Z
619,1090,SIM-e689600cb09a48d88593edccf2025562-180,PIX,APPROVED,205.06,BRL,1,sim_gateway_horizonte,2026-09-07T17:59:55.820833Z,2026-09-07T17:59:58.691080Z,0.00,,,2026-09-07T17:59:58.691080Z,2026-09-07T17:59:58.691080Z
620,604,SIM-e689600cb09a48d88593edccf2025562-181,CREDIT_CARD,APPROVED,238.17,BRL,2,sim_gateway_integra,2026-09-07T17:59:55.820833Z,2026-09-07T17:59:58.691080Z,0.00,,,2026-09-07T17:59:58.691080Z,2026-09-07T17:59:58.691080Z
621,3607,SIM-783ef29c039c4b45a25bc6c5a7e358d8-0,CREDIT_CARD,APPROVED,452.93,BRL,1,sim_gateway_horizonte,2026-09-07T18:01:16.074436Z,2026-09-07T18:01:19.943004Z,0.00,,,2026-09-07T18:01:19.943004Z,2026-09-07T18:01:19.943004Z
622,2045,SIM-783ef29c039c4b45a25bc6c5a7e358d8-1,PIX,PENDING,1321.79,BRL,1,sim_gateway_integra,,,0.00,,,2026-09-07T18:01:19.943004Z,2026-09-07T18:01:19.943004Z
623,1689,SIM-783ef29c039c4b45a25bc6c5a7e358d8-2,PIX,APPROVED,209.49,BRL,1,sim_gateway_aurora,2026-09-07T17:59:55.820833Z,2026-09-07T18:00:55.820833Z,0.00,,,2026-09-07T18:01:19.943004Z,2026-09-07T18:01:19.943004Z
624,3784,SIM-783ef29c039c4b45a25bc6c5a7e358d8-3,CREDIT_CARD,APPROVED,218.81,BRL,6,sim_gateway_integra,2026-09-07T18:01:16.074436Z,2026-09-07T18:01:19.943004Z,0.00,,,2026-09-07T18:01:19.943004Z,2026-09-07T18:01:19.943004Z
625,2480,SIM-783ef29c039c4b45a25bc6c5a7e358d8-4,CREDIT_CARD,APPROVED,106.17,BRL,2,sim_gateway_aurora,2026-09-07T18:01:16.074436Z,2026-09-07T18:01:19.943004Z,0.00,,,2026-09-07T18:01:19.943004Z,2026-09-07T18:01:19.943004Z
626,822,SIM-783ef29c039c4b45a25bc6c5a7e358d8-5,CREDIT_CARD,CANCELLED,1227.37,BRL,2,sim_gateway_integra,,,0.00,,,2026-09-07T18:01:19.943004Z,2026-09-07T18:01:19.943004Z
627,3346,SIM-783ef29c039c4b45a25bc6c5a7e358d8-6,PIX,APPROVED,131.20,BRL,1,sim_gateway_horizonte,2026-09-07T18:01:16.074436Z,2026-09-07T18:01:19.943004Z,0.00,,,2026-09-07T18:01:19.943004Z,2026-09-07T18:01:19.943004Z
628,278,SIM-783ef29c039c4b45a25bc6c5a7e358d8-7,DEBIT_CARD,PENDING,258.19,BRL,1,sim_gateway_aurora,,,0.00,,,2026-09-07T18:01:19.943004Z,2026-09-07T18:01:19.943004Z
629,1930,SIM-783ef29c039c4b45a25bc6c5a7e358d8-8,PIX,APPROVED,124.80,BRL,1,sim_gateway_integra,2026-09-07T17:59:55.820833Z,2026-09-07T18:00:55.820833Z,0.00,,,2026-09-07T18:01:19.943004Z,2026-09-07T18:01:19.943004Z
630,415,SIM-783ef29c039c4b45a25bc6c5a7e358d8-9,CREDIT_CARD,APPROVED,382.69,BRL,3,sim_gateway_integra,2026-09-07T17:59:55.820833Z,2026-09-07T18:00:55.820833Z,0.00,,,2026-09-07T18:01:19.943004Z,2026-09-07T18:01:19.943004Z
631,2313,SIM-783ef29c039c4b45a25bc6c5a7e358d8-10,CREDIT_CARD,CANCELLED,106.40,BRL,2,sim_gateway_integra,,,0.00,,,2026-09-07T18:01:19.943004Z,2026-09-07T18:01:19.943004Z
632,1105,SIM-783ef29c039c4b45a25bc6c5a7e358d8-11,PIX,APPROVED,381.21,BRL,1,sim_gateway_horizonte,2026-09-07T17:59:55.820833Z,2026-09-07T18:00:55.820833Z,0.00,,,2026-09-07T18:01:19.943004Z,2026-09-07T18:01:19.943004Z
633,3908,SIM-783ef29c039c4b45a25bc6c5a7e358d8-12,PIX,APPROVED,218.09,BRL,1,sim_gateway_integra,2026-09-07T18:01:16.074436Z,2026-09-07T18:01:19.943004Z,0.00,,,2026-09-07T18:01:19.943004Z,2026-09-07T18:01:19.943004Z
634,1876,SIM-783ef29c039c4b45a25bc6c5a7e358d8-13,PIX,PENDING,124.80,BRL,1,sim_gateway_integra,,,0.00,,,2026-09-07T18:01:19.943004Z,2026-09-07T18:01:19.943004Z
635,2660,SIM-783ef29c039c4b45a25bc6c5a7e358d8-14,PIX,APPROVED,397.23,BRL,1,sim_gateway_integra,2026-09-07T17:59:55.820833Z,2026-09-07T18:00:55.820833Z,0.00,,,2026-09-07T18:01:19.943004Z,2026-09-07T18:01:19.943004Z
636,3143,SIM-783ef29c039c4b45a25bc6c5a7e358d8-15,PIX,APPROVED,173.19,BRL,1,sim_gateway_aurora,2026-09-07T17:59:55.820833Z,2026-09-07T18:00:55.820833Z,0.00,,,2026-09-07T18:01:19.943004Z,2026-09-07T18:01:19.943004Z
637,4012,SIM-783ef29c039c4b45a25bc6c5a7e358d8-16,PIX,APPROVED,319.92,BRL,1,sim_gateway_integra,2026-09-07T18:01:15.650470Z,2026-09-07T18:01:19.943004Z,0.00,,,2026-09-07T18:01:19.943004Z,2026-09-07T18:01:19.943004Z
638,3275,SIM-783ef29c039c4b45a25bc6c5a7e358d8-17,PIX,APPROVED,112.21,BRL,1,sim_gateway_horizonte,2026-09-07T18:01:16.074436Z,2026-09-07T18:01:19.943004Z,0.00,,,2026-09-07T18:01:19.943004Z,2026-09-07T18:01:19.943004Z
639,3656,SIM-783ef29c039c4b45a25bc6c5a7e358d8-18,PIX,APPROVED,95.21,BRL,1,sim_gateway_horizonte,2026-09-07T18:01:15.650470Z,2026-09-07T18:01:19.943004Z,0.00,,,2026-09-07T18:01:19.943004Z,2026-09-07T18:01:19.943004Z
640,4082,SIM-783ef29c039c4b45a25bc6c5a7e358d8-19,CREDIT_CARD,APPROVED,635.87,BRL,1,sim_gateway_integra,2026-09-07T18:01:16.074436Z,2026-09-07T18:01:19.943004Z,0.00,,,2026-09-07T18:01:19.943004Z,2026-09-07T18:01:19.943004Z
641,3328,SIM-783ef29c039c4b45a25bc6c5a7e358d8-20,PIX,APPROVED,299.69,BRL,1,sim_gateway_horizonte,2026-09-07T18:01:16.074436Z,2026-09-07T18:01:19.943004Z,0.00,,,2026-09-07T18:01:19.943004Z,2026-09-07T18:01:19.943004Z
642,3978,SIM-783ef29c039c4b45a25bc6c5a7e358d8-21,PIX,APPROVED,397.14,BRL,1,sim_gateway_horizonte,2026-09-07T18:01:16.074436Z,2026-09-07T18:01:19.943004Z,0.00,,,2026-09-07T18:01:19.943004Z,2026-09-07T18:01:19.943004Z
643,3040,SIM-783ef29c039c4b45a25bc6c5a7e358d8-22,PIX,APPROVED,260.78,BRL,1,sim_gateway_aurora,2026-09-07T18:01:16.074436Z,2026-09-07T18:01:19.943004Z,0.00,,,2026-09-07T18:01:19.943004Z,2026-09-07T18:01:19.943004Z
644,3544,SIM-783ef29c039c4b45a25bc6c5a7e358d8-23,PIX,PENDING,115.88,BRL,1,sim_gateway_integra,,,0.00,,,2026-09-07T18:01:19.943004Z,2026-09-07T18:01:19.943004Z
645,1467,SIM-783ef29c039c4b45a25bc6c5a7e358d8-24,PIX,APPROVED,1039.44,BRL,1,sim_gateway_aurora,2026-09-07T17:59:55.820833Z,2026-09-07T18:00:55.820833Z,0.00,,,2026-09-07T18:01:19.943004Z,2026-09-07T18:01:19.943004Z
646,3676,SIM-783ef29c039c4b45a25bc6c5a7e358d8-25,CREDIT_CARD,APPROVED,64.43,BRL,2,sim_gateway_aurora,2026-09-07T18:01:16.074436Z,2026-09-07T18:01:19.943004Z,0.00,,,2026-09-07T18:01:19.943004Z,2026-09-07T18:01:19.943004Z
647,231,SIM-783ef29c039c4b45a25bc6c5a7e358d8-26,CREDIT_CARD,PENDING,250.88,BRL,2,sim_gateway_aurora,,,0.00,,,2026-09-07T18:01:19.943004Z,2026-09-07T18:01:19.943004Z
648,3900,SIM-783ef29c039c4b45a25bc6c5a7e358d8-27,PIX,APPROVED,487.00,BRL,1,sim_gateway_aurora,2026-09-07T18:01:15.650470Z,2026-09-07T18:01:19.943004Z,0.00,,,2026-09-07T18:01:19.943004Z,2026-09-07T18:01:19.943004Z
649,3119,SIM-783ef29c039c4b45a25bc6c5a7e358d8-28,CREDIT_CARD,CANCELLED,536.35,BRL,6,sim_gateway_aurora,,,0.00,,,2026-09-07T18:01:19.943004Z,2026-09-07T18:01:19.943004Z
650,1182,SIM-783ef29c039c4b45a25bc6c5a7e358d8-29,BOLETO,APPROVED,347.89,BRL,1,sim_gateway_aurora,2026-09-07T17:59:55.820833Z,2026-09-07T18:00:55.820833Z,0.00,,,2026-09-07T18:01:19.943004Z,2026-09-07T18:01:19.943004Z
651,1267,SIM-783ef29c039c4b45a25bc6c5a7e358d8-30,CREDIT_CARD,APPROVED,428.47,BRL,2,sim_gateway_horizonte,2026-09-07T17:59:55.820833Z,2026-09-07T18:00:55.820833Z,0.00,,,2026-09-07T18:01:19.943004Z,2026-09-07T18:01:19.943004Z
652,2829,SIM-783ef29c039c4b45a25bc6c5a7e358d8-31,BOLETO,APPROVED,187.19,BRL,1,sim_gateway_aurora,2026-09-07T18:01:15.650470Z,2026-09-07T18:01:19.943004Z,0.00,,,2026-09-07T18:01:19.943004Z,2026-09-07T18:01:19.943004Z
653,3726,SIM-783ef29c039c4b45a25bc6c5a7e358d8-32,CREDIT_CARD,APPROVED,130.40,BRL,3,sim_gateway_aurora,2026-09-07T18:01:16.074436Z,2026-09-07T18:01:19.943004Z,0.00,,,2026-09-07T18:01:19.943004Z,2026-09-07T18:01:19.943004Z
654,3846,SIM-783ef29c039c4b45a25bc6c5a7e358d8-33,PIX,PENDING,215.06,BRL,1,sim_gateway_aurora,,,0.00,,,2026-09-07T18:01:19.943004Z,2026-09-07T18:01:19.943004Z
655,2817,SIM-783ef29c039c4b45a25bc6c5a7e358d8-34,CREDIT_CARD,APPROVED,577.89,BRL,2,sim_gateway_aurora,2026-09-07T18:01:16.074436Z,2026-09-07T18:01:19.943004Z,0.00,,,2026-09-07T18:01:19.943004Z,2026-09-07T18:01:19.943004Z
656,378,SIM-783ef29c039c4b45a25bc6c5a7e358d8-35,BOLETO,APPROVED,75.13,BRL,1,sim_gateway_aurora,2026-09-07T17:59:55.820833Z,2026-09-07T18:00:55.820833Z,0.00,,,2026-09-07T18:01:19.943004Z,2026-09-07T18:01:19.943004Z
657,1222,SIM-783ef29c039c4b45a25bc6c5a7e358d8-36,BOLETO,APPROVED,134.01,BRL,1,sim_gateway_aurora,2026-09-07T17:59:55.820833Z,2026-09-07T18:00:55.820833Z,0.00,,,2026-09-07T18:01:19.943004Z,2026-09-07T18:01:19.943004Z
658,1027,SIM-783ef29c039c4b45a25bc6c5a7e358d8-37,PIX,APPROVED,112.10,BRL,1,sim_gateway_aurora,2026-09-07T17:59:55.820833Z,2026-09-07T18:00:55.820833Z,0.00,,,2026-09-07T18:01:19.943004Z,2026-09-07T18:01:19.943004Z
659,1906,SIM-783ef29c039c4b45a25bc6c5a7e358d8-38,CREDIT_CARD,APPROVED,159.01,BRL,3,sim_gateway_horizonte,2026-09-07T17:59:55.820833Z,2026-09-07T18:00:55.820833Z,0.00,,,2026-09-07T18:01:19.943004Z,2026-09-07T18:01:19.943004Z
660,2457,SIM-783ef29c039c4b45a25bc6c5a7e358d8-39,CREDIT_CARD,APPROVED,104.81,BRL,2,sim_gateway_integra,2026-09-07T18:01:16.074436Z,2026-09-07T18:01:19.943004Z,0.00,,,2026-09-07T18:01:19.943004Z,2026-09-07T18:01:19.943004Z
661,1266,SIM-783ef29c039c4b45a25bc6c5a7e358d8-40,CREDIT_CARD,APPROVED,343.59,BRL,1,sim_gateway_horizonte,2026-09-07T17:59:55.820833Z,2026-09-07T18:00:55.820833Z,0.00,,,2026-09-07T18:01:19.943004Z,2026-09-07T18:01:19.943004Z
662,1010,SIM-783ef29c039c4b45a25bc6c5a7e358d8-41,PIX,APPROVED,86.21,BRL,1,sim_gateway_integra,2026-09-07T17:59:55.820833Z,2026-09-07T18:00:55.820833Z,0.00,,,2026-09-07T18:01:19.943004Z,2026-09-07T18:01:19.943004Z
663,4069,SIM-783ef29c039c4b45a25bc6c5a7e358d8-42,PIX,APPROVED,164.30,BRL,1,sim_gateway_aurora,2026-09-07T18:01:16.074436Z,2026-09-07T18:01:19.943004Z,0.00,,,2026-09-07T18:01:19.943004Z,2026-09-07T18:01:19.943004Z
664,2131,SIM-783ef29c039c4b45a25bc6c5a7e358d8-43,BOLETO,APPROVED,250.67,BRL,1,sim_gateway_horizonte,2026-09-07T18:01:15.650470Z,2026-09-07T18:01:19.943004Z,0.00,,,2026-09-07T18:01:19.943004Z,2026-09-07T18:01:19.943004Z
665,2365,SIM-783ef29c039c4b45a25bc6c5a7e358d8-44,PIX,APPROVED,206.82,BRL,1,sim_gateway_horizonte,2026-09-07T17:59:55.820833Z,2026-09-07T18:00:55.820833Z,0.00,,,2026-09-07T18:01:19.943004Z,2026-09-07T18:01:19.943004Z
666,893,SIM-783ef29c039c4b45a25bc6c5a7e358d8-45,PIX,APPROVED,54.02,BRL,1,sim_gateway_aurora,2026-09-07T17:59:55.820833Z,2026-09-07T18:00:55.820833Z,0.00,,,2026-09-07T18:01:19.943004Z,2026-09-07T18:01:19.943004Z
667,728,SIM-783ef29c039c4b45a25bc6c5a7e358d8-46,BOLETO,APPROVED,1167.59,BRL,1,sim_gateway_aurora,2026-09-07T17:59:55.820833Z,2026-09-07T18:00:55.820833Z,0.00,,,2026-09-07T18:01:19.943004Z,2026-09-07T18:01:19.943004Z
668,1810,SIM-783ef29c039c4b45a25bc6c5a7e358d8-47,PIX,APPROVED,85.88,BRL,1,sim_gateway_integra,2026-09-07T17:59:55.820833Z,2026-09-07T18:00:55.820833Z,0.00,,,2026-09-07T18:01:19.943004Z,2026-09-07T18:01:19.943004Z
669,3338,SIM-783ef29c039c4b45a25bc6c5a7e358d8-48,CREDIT_CARD,APPROVED,216.68,BRL,2,sim_gateway_aurora,2026-09-07T17:59:55.820833Z,2026-09-07T18:00:55.820833Z,0.00,,,2026-09-07T18:01:19.943004Z,2026-09-07T18:01:19.943004Z
670,591,SIM-783ef29c039c4b45a25bc6c5a7e358d8-49,CREDIT_CARD,PENDING,62.59,BRL,2,sim_gateway_integra,,,0.00,,,2026-09-07T18:01:19.943004Z,2026-09-07T18:01:19.943004Z
671,1643,SIM-783ef29c039c4b45a25bc6c5a7e358d8-50,CREDIT_CARD,PENDING,134.32,BRL,1,sim_gateway_integra,,,0.00,,,2026-09-07T18:01:19.943004Z,2026-09-07T18:01:19.943004Z
672,1132,SIM-783ef29c039c4b45a25bc6c5a7e358d8-51,PIX,APPROVED,279.13,BRL,1,sim_gateway_horizonte,2026-09-07T17:59:55.820833Z,2026-09-07T18:00:55.820833Z,0.00,,,2026-09-07T18:01:19.943004Z,2026-09-07T18:01:19.943004Z
673,884,SIM-783ef29c039c4b45a25bc6c5a7e358d8-52,PIX,APPROVED,395.82,BRL,1,sim_gateway_integra,2026-09-07T17:59:55.820833Z,2026-09-07T18:00:55.820833Z,0.00,,,2026-09-07T18:01:19.943004Z,2026-09-07T18:01:19.943004Z
674,1427,SIM-783ef29c039c4b45a25bc6c5a7e358d8-53,DEBIT_CARD,APPROVED,403.65,BRL,1,sim_gateway_horizonte,2026-09-07T17:59:55.820833Z,2026-09-07T18:00:55.820833Z,0.00,,,2026-09-07T18:01:19.943004Z,2026-09-07T18:01:19.943004Z
675,2438,SIM-783ef29c039c4b45a25bc6c5a7e358d8-54,CREDIT_CARD,APPROVED,570.38,BRL,3,sim_gateway_aurora,2026-09-07T18:01:16.074436Z,2026-09-07T18:01:19.943004Z,0.00,,,2026-09-07T18:01:19.943004Z,2026-09-07T18:01:19.943004Z
676,1536,SIM-783ef29c039c4b45a25bc6c5a7e358d8-55,PIX,APPROVED,70.39,BRL,1,sim_gateway_horizonte,2026-09-07T17:59:55.820833Z,2026-09-07T18:00:55.820833Z,0.00,,,2026-09-07T18:01:19.943004Z,2026-09-07T18:01:19.943004Z
677,917,SIM-783ef29c039c4b45a25bc6c5a7e358d8-56,PIX,APPROVED,383.70,BRL,1,sim_gateway_horizonte,2026-09-07T17:59:55.820833Z,2026-09-07T18:00:55.820833Z,0.00,,,2026-09-07T18:01:19.943004Z,2026-09-07T18:01:19.943004Z
678,3958,SIM-783ef29c039c4b45a25bc6c5a7e358d8-57,PIX,APPROVED,102.47,BRL,1,sim_gateway_integra,2026-09-07T18:01:16.074436Z,2026-09-07T18:01:19.943004Z,0.00,,,2026-09-07T18:01:19.943004Z,2026-09-07T18:01:19.943004Z
679,3270,SIM-783ef29c039c4b45a25bc6c5a7e358d8-58,CREDIT_CARD,APPROVED,241.50,BRL,2,sim_gateway_horizonte,2026-09-07T18:01:15.650470Z,2026-09-07T18:01:19.943004Z,0.00,,,2026-09-07T18:01:19.943004Z,2026-09-07T18:01:19.943004Z
680,3058,SIM-783ef29c039c4b45a25bc6c5a7e358d8-59,PIX,APPROVED,111.99,BRL,1,sim_gateway_integra,2026-09-07T18:01:16.074436Z,2026-09-07T18:01:19.943004Z,0.00,,,2026-09-07T18:01:19.943004Z,2026-09-07T18:01:19.943004Z
681,1505,SIM-783ef29c039c4b45a25bc6c5a7e358d8-60,CREDIT_CARD,APPROVED,137.18,BRL,3,sim_gateway_integra,2026-09-07T17:59:55.820833Z,2026-09-07T18:00:55.820833Z,0.00,,,2026-09-07T18:01:19.943004Z,2026-09-07T18:01:19.943004Z
682,1561,SIM-783ef29c039c4b45a25bc6c5a7e358d8-61,PIX,APPROVED,57.81,BRL,1,sim_gateway_aurora,2026-09-07T17:59:55.820833Z,2026-09-07T18:00:55.820833Z,0.00,,,2026-09-07T18:01:19.943004Z,2026-09-07T18:01:19.943004Z
683,1991,SIM-783ef29c039c4b45a25bc6c5a7e358d8-62,PIX,APPROVED,156.51,BRL,1,sim_gateway_integra,2026-09-07T17:59:55.820833Z,2026-09-07T18:00:55.820833Z,0.00,,,2026-09-07T18:01:19.943004Z,2026-09-07T18:01:19.943004Z
684,3650,SIM-783ef29c039c4b45a25bc6c5a7e358d8-63,BOLETO,PENDING,46.51,BRL,1,sim_gateway_horizonte,,,0.00,,,2026-09-07T18:01:19.943004Z,2026-09-07T18:01:19.943004Z
685,3887,SIM-783ef29c039c4b45a25bc6c5a7e358d8-64,DEBIT_CARD,CANCELLED,420.96,BRL,1,sim_gateway_aurora,,,0.00,,,2026-09-07T18:01:19.943004Z,2026-09-07T18:01:19.943004Z
686,1573,SIM-783ef29c039c4b45a25bc6c5a7e358d8-65,CREDIT_CARD,APPROVED,247.58,BRL,3,sim_gateway_integra,2026-09-07T17:59:55.820833Z,2026-09-07T18:00:55.820833Z,0.00,,,2026-09-07T18:01:19.943004Z,2026-09-07T18:01:19.943004Z
687,3277,SIM-783ef29c039c4b45a25bc6c5a7e358d8-66,PIX,PENDING,312.18,BRL,1,sim_gateway_integra,,,0.00,,,2026-09-07T18:01:19.943004Z,2026-09-07T18:01:19.943004Z
688,3024,SIM-783ef29c039c4b45a25bc6c5a7e358d8-67,PIX,APPROVED,61.98,BRL,1,sim_gateway_integra,2026-09-07T18:01:16.074436Z,2026-09-07T18:01:19.943004Z,0.00,,,2026-09-07T18:01:19.943004Z,2026-09-07T18:01:19.943004Z
689,3533,SIM-783ef29c039c4b45a25bc6c5a7e358d8-68,CREDIT_CARD,APPROVED,93.58,BRL,3,sim_gateway_integra,2026-09-07T17:59:55.820833Z,2026-09-07T18:00:55.820833Z,0.00,,,2026-09-07T18:01:19.943004Z,2026-09-07T18:01:19.943004Z
690,1582,SIM-783ef29c039c4b45a25bc6c5a7e358d8-69,PIX,PENDING,404.81,BRL,1,sim_gateway_aurora,,,0.00,,,2026-09-07T18:01:19.943004Z,2026-09-07T18:01:19.943004Z
691,857,SIM-783ef29c039c4b45a25bc6c5a7e358d8-70,PIX,APPROVED,88.04,BRL,1,sim_gateway_aurora,2026-09-07T17:59:55.820833Z,2026-09-07T18:00:55.820833Z,0.00,,,2026-09-07T18:01:19.943004Z,2026-09-07T18:01:19.943004Z
692,3139,SIM-783ef29c039c4b45a25bc6c5a7e358d8-71,PIX,APPROVED,60.91,BRL,1,sim_gateway_aurora,2026-09-07T18:01:15.650470Z,2026-09-07T18:01:19.943004Z,0.00,,,2026-09-07T18:01:19.943004Z,2026-09-07T18:01:19.943004Z
693,1392,SIM-783ef29c039c4b45a25bc6c5a7e358d8-72,CREDIT_CARD,APPROVED,313.69,BRL,3,sim_gateway_aurora,2026-09-07T17:59:55.820833Z,2026-09-07T18:00:55.820833Z,0.00,,,2026-09-07T18:01:19.943004Z,2026-09-07T18:01:19.943004Z
694,2331,SIM-783ef29c039c4b45a25bc6c5a7e358d8-73,PIX,APPROVED,116.66,BRL,1,sim_gateway_horizonte,2026-09-07T17:59:55.820833Z,2026-09-07T18:00:55.820833Z,0.00,,,2026-09-07T18:01:19.943004Z,2026-09-07T18:01:19.943004Z
695,1955,SIM-783ef29c039c4b45a25bc6c5a7e358d8-74,BOLETO,APPROVED,130.08,BRL,1,sim_gateway_aurora,2026-09-07T17:59:55.820833Z,2026-09-07T18:00:55.820833Z,0.00,,,2026-09-07T18:01:19.943004Z,2026-09-07T18:01:19.943004Z
696,2257,SIM-783ef29c039c4b45a25bc6c5a7e358d8-75,CREDIT_CARD,APPROVED,306.63,BRL,6,sim_gateway_aurora,2026-09-07T18:01:16.074436Z,2026-09-07T18:01:19.943004Z,0.00,,,2026-09-07T18:01:19.943004Z,2026-09-07T18:01:19.943004Z
697,1046,SIM-783ef29c039c4b45a25bc6c5a7e358d8-76,BOLETO,APPROVED,278.49,BRL,1,sim_gateway_aurora,2026-09-07T17:59:55.820833Z,2026-09-07T18:00:55.820833Z,0.00,,,2026-09-07T18:01:19.943004Z,2026-09-07T18:01:19.943004Z
698,2601,SIM-783ef29c039c4b45a25bc6c5a7e358d8-77,CREDIT_CARD,APPROVED,371.32,BRL,2,sim_gateway_horizonte,2026-09-07T18:01:16.074436Z,2026-09-07T18:01:19.943004Z,0.00,,,2026-09-07T18:01:19.943004Z,2026-09-07T18:01:19.943004Z
699,2312,SIM-783ef29c039c4b45a25bc6c5a7e358d8-78,CREDIT_CARD,APPROVED,275.30,BRL,1,sim_gateway_horizonte,2026-09-07T17:59:55.820833Z,2026-09-07T18:00:55.820833Z,0.00,,,2026-09-07T18:01:19.943004Z,2026-09-07T18:01:19.943004Z
700,1448,SIM-783ef29c039c4b45a25bc6c5a7e358d8-79,PIX,APPROVED,127.80,BRL,1,sim_gateway_horizonte,2026-09-07T17:59:55.820833Z,2026-09-07T18:00:55.820833Z,0.00,,,2026-09-07T18:01:19.943004Z,2026-09-07T18:01:19.943004Z
701,2210,SIM-783ef29c039c4b45a25bc6c5a7e358d8-80,PIX,CANCELLED,672.26,BRL,1,sim_gateway_horizonte,,,0.00,,,2026-09-07T18:01:19.943004Z,2026-09-07T18:01:19.943004Z
702,456,SIM-783ef29c039c4b45a25bc6c5a7e358d8-81,PIX,APPROVED,68.79,BRL,1,sim_gateway_horizonte,2026-09-07T17:59:55.820833Z,2026-09-07T18:00:55.820833Z,0.00,,,2026-09-07T18:01:19.943004Z,2026-09-07T18:01:19.943004Z
703,2323,SIM-783ef29c039c4b45a25bc6c5a7e358d8-82,CREDIT_CARD,APPROVED,168.80,BRL,1,sim_gateway_aurora,2026-09-07T18:01:16.074436Z,2026-09-07T18:01:19.943004Z,0.00,,,2026-09-07T18:01:19.943004Z,2026-09-07T18:01:19.943004Z
704,2449,SIM-783ef29c039c4b45a25bc6c5a7e358d8-83,PIX,PENDING,272.68,BRL,1,sim_gateway_horizonte,,,0.00,,,2026-09-07T18:01:19.943004Z,2026-09-07T18:01:19.943004Z
705,3440,SIM-783ef29c039c4b45a25bc6c5a7e358d8-84,PIX,APPROVED,449.50,BRL,1,sim_gateway_aurora,2026-09-07T18:01:16.074436Z,2026-09-07T18:01:19.943004Z,0.00,,,2026-09-07T18:01:19.943004Z,2026-09-07T18:01:19.943004Z
706,3295,SIM-783ef29c039c4b45a25bc6c5a7e358d8-85,PIX,PENDING,260.38,BRL,1,sim_gateway_aurora,,,0.00,,,2026-09-07T18:01:19.943004Z,2026-09-07T18:01:19.943004Z
707,2899,SIM-783ef29c039c4b45a25bc6c5a7e358d8-86,BOLETO,APPROVED,218.44,BRL,1,sim_gateway_aurora,2026-09-07T18:01:16.074436Z,2026-09-07T18:01:19.943004Z,0.00,,,2026-09-07T18:01:19.943004Z,2026-09-07T18:01:19.943004Z
708,578,SIM-783ef29c039c4b45a25bc6c5a7e358d8-87,PIX,APPROVED,61.31,BRL,1,sim_gateway_aurora,2026-09-07T17:59:55.820833Z,2026-09-07T18:00:55.820833Z,0.00,,,2026-09-07T18:01:19.943004Z,2026-09-07T18:01:19.943004Z
709,3093,SIM-783ef29c039c4b45a25bc6c5a7e358d8-88,DEBIT_CARD,APPROVED,89.60,BRL,1,sim_gateway_aurora,2026-09-07T18:01:16.074436Z,2026-09-07T18:01:19.943004Z,0.00,,,2026-09-07T18:01:19.943004Z,2026-09-07T18:01:19.943004Z
710,2675,SIM-783ef29c039c4b45a25bc6c5a7e358d8-89,CREDIT_CARD,APPROVED,764.92,BRL,6,sim_gateway_horizonte,2026-09-07T18:01:16.074436Z,2026-09-07T18:01:19.943004Z,0.00,,,2026-09-07T18:01:19.943004Z,2026-09-07T18:01:19.943004Z
711,2419,SIM-783ef29c039c4b45a25bc6c5a7e358d8-90,PIX,PENDING,315.70,BRL,1,sim_gateway_horizonte,,,0.00,,,2026-09-07T18:01:19.943004Z,2026-09-07T18:01:19.943004Z
712,2495,SIM-783ef29c039c4b45a25bc6c5a7e358d8-91,PIX,CANCELLED,395.92,BRL,1,sim_gateway_aurora,,,0.00,,,2026-09-07T18:01:19.943004Z,2026-09-07T18:01:19.943004Z
713,891,SIM-783ef29c039c4b45a25bc6c5a7e358d8-92,PIX,APPROVED,208.80,BRL,1,sim_gateway_aurora,2026-09-07T17:59:55.820833Z,2026-09-07T18:00:55.820833Z,0.00,,,2026-09-07T18:01:19.943004Z,2026-09-07T18:01:19.943004Z
714,1188,SIM-783ef29c039c4b45a25bc6c5a7e358d8-93,BOLETO,APPROVED,83.00,BRL,1,sim_gateway_horizonte,2026-09-07T17:59:55.820833Z,2026-09-07T18:00:55.820833Z,0.00,,,2026-09-07T18:01:19.943004Z,2026-09-07T18:01:19.943004Z
715,482,SIM-783ef29c039c4b45a25bc6c5a7e358d8-94,PIX,APPROVED,95.14,BRL,1,sim_gateway_aurora,2026-09-07T17:59:55.820833Z,2026-09-07T18:00:55.820833Z,0.00,,,2026-09-07T18:01:19.943004Z,2026-09-07T18:01:19.943004Z
716,3556,SIM-783ef29c039c4b45a25bc6c5a7e358d8-95,CREDIT_CARD,APPROVED,348.40,BRL,2,sim_gateway_aurora,2026-09-07T18:01:15.650470Z,2026-09-07T18:01:19.943004Z,0.00,,,2026-09-07T18:01:19.943004Z,2026-09-07T18:01:19.943004Z
717,3431,SIM-783ef29c039c4b45a25bc6c5a7e358d8-96,PIX,APPROVED,287.79,BRL,1,sim_gateway_integra,2026-09-07T17:59:55.820833Z,2026-09-07T18:00:55.820833Z,0.00,,,2026-09-07T18:01:19.943004Z,2026-09-07T18:01:19.943004Z
718,687,SIM-783ef29c039c4b45a25bc6c5a7e358d8-97,CREDIT_CARD,PENDING,1938.50,BRL,6,sim_gateway_integra,,,0.00,,,2026-09-07T18:01:19.943004Z,2026-09-07T18:01:19.943004Z
719,3710,SIM-783ef29c039c4b45a25bc6c5a7e358d8-98,BOLETO,APPROVED,99.00,BRL,1,sim_gateway_integra,2026-09-07T17:59:55.820833Z,2026-09-07T18:00:55.820833Z,0.00,,,2026-09-07T18:01:19.943004Z,2026-09-07T18:01:19.943004Z
720,3689,SIM-783ef29c039c4b45a25bc6c5a7e358d8-99,CREDIT_CARD,APPROVED,233.82,BRL,1,sim_gateway_integra,2026-09-07T18:01:16.074436Z,2026-09-07T18:01:19.943004Z,0.00,,,2026-09-07T18:01:19.943004Z,2026-09-07T18:01:19.943004Z
721,711,SIM-783ef29c039c4b45a25bc6c5a7e358d8-100,BOLETO,APPROVED,105.81,BRL,1,sim_gateway_integra,2026-09-07T17:59:55.820833Z,2026-09-07T18:00:55.820833Z,0.00,,,2026-09-07T18:01:19.943004Z,2026-09-07T18:01:19.943004Z
722,2408,SIM-783ef29c039c4b45a25bc6c5a7e358d8-101,CREDIT_CARD,APPROVED,84.41,BRL,1,sim_gateway_integra,2026-09-07T18:01:16.074436Z,2026-09-07T18:01:19.943004Z,0.00,,,2026-09-07T18:01:19.943004Z,2026-09-07T18:01:19.943004Z
723,805,SIM-783ef29c039c4b45a25bc6c5a7e358d8-102,PIX,APPROVED,485.10,BRL,1,sim_gateway_aurora,2026-09-07T17:59:55.820833Z,2026-09-07T18:00:55.820833Z,0.00,,,2026-09-07T18:01:19.943004Z,2026-09-07T18:01:19.943004Z
724,1700,SIM-783ef29c039c4b45a25bc6c5a7e358d8-103,PIX,APPROVED,74.66,BRL,1,sim_gateway_integra,2026-09-07T17:59:55.820833Z,2026-09-07T18:00:55.820833Z,0.00,,,2026-09-07T18:01:19.943004Z,2026-09-07T18:01:19.943004Z
725,2444,SIM-783ef29c039c4b45a25bc6c5a7e358d8-104,CREDIT_CARD,APPROVED,443.45,BRL,3,sim_gateway_aurora,2026-09-07T18:01:16.074436Z,2026-09-07T18:01:19.943004Z,0.00,,,2026-09-07T18:01:19.943004Z,2026-09-07T18:01:19.943004Z
726,2578,SIM-783ef29c039c4b45a25bc6c5a7e358d8-105,BOLETO,APPROVED,157.30,BRL,1,sim_gateway_horizonte,2026-09-07T18:01:16.074436Z,2026-09-07T18:01:19.943004Z,0.00,,,2026-09-07T18:01:19.943004Z,2026-09-07T18:01:19.943004Z
727,571,SIM-783ef29c039c4b45a25bc6c5a7e358d8-106,PIX,APPROVED,214.80,BRL,1,sim_gateway_aurora,2026-09-07T17:59:55.820833Z,2026-09-07T18:00:55.820833Z,0.00,,,2026-09-07T18:01:19.943004Z,2026-09-07T18:01:19.943004Z
728,1819,SIM-783ef29c039c4b45a25bc6c5a7e358d8-107,PIX,APPROVED,118.08,BRL,1,sim_gateway_horizonte,2026-09-07T17:59:55.820833Z,2026-09-07T18:00:55.820833Z,0.00,,,2026-09-07T18:01:19.943004Z,2026-09-07T18:01:19.943004Z
729,2865,SIM-783ef29c039c4b45a25bc6c5a7e358d8-108,PIX,APPROVED,1465.08,BRL,1,sim_gateway_horizonte,2026-09-07T18:01:16.074436Z,2026-09-07T18:01:19.943004Z,0.00,,,2026-09-07T18:01:19.943004Z,2026-09-07T18:01:19.943004Z
730,570,SIM-783ef29c039c4b45a25bc6c5a7e358d8-109,CREDIT_CARD,APPROVED,342.84,BRL,3,sim_gateway_integra,2026-09-07T17:59:55.820833Z,2026-09-07T18:00:55.820833Z,0.00,,,2026-09-07T18:01:19.943004Z,2026-09-07T18:01:19.943004Z
731,1937,SIM-783ef29c039c4b45a25bc6c5a7e358d8-110,CREDIT_CARD,PENDING,181.41,BRL,6,sim_gateway_aurora,,,0.00,,,2026-09-07T18:01:19.943004Z,2026-09-07T18:01:19.943004Z
732,3400,SIM-783ef29c039c4b45a25bc6c5a7e358d8-111,CREDIT_CARD,APPROVED,270.51,BRL,3,sim_gateway_integra,2026-09-07T18:01:16.074436Z,2026-09-07T18:01:19.943004Z,0.00,,,2026-09-07T18:01:19.943004Z,2026-09-07T18:01:19.943004Z
733,1499,SIM-783ef29c039c4b45a25bc6c5a7e358d8-112,PIX,APPROVED,417.30,BRL,1,sim_gateway_aurora,2026-09-07T17:59:55.820833Z,2026-09-07T18:00:55.820833Z,0.00,,,2026-09-07T18:01:19.943004Z,2026-09-07T18:01:19.943004Z
734,1637,SIM-783ef29c039c4b45a25bc6c5a7e358d8-113,CREDIT_CARD,APPROVED,465.10,BRL,3,sim_gateway_horizonte,2026-09-07T17:59:55.820833Z,2026-09-07T18:00:55.820833Z,0.00,,,2026-09-07T18:01:19.943004Z,2026-09-07T18:01:19.943004Z
735,3084,SIM-783ef29c039c4b45a25bc6c5a7e358d8-114,PIX,APPROVED,63.60,BRL,1,sim_gateway_integra,2026-09-07T18:01:16.074436Z,2026-09-07T18:01:19.943004Z,0.00,,,2026-09-07T18:01:19.943004Z,2026-09-07T18:01:19.943004Z
736,3716,SIM-783ef29c039c4b45a25bc6c5a7e358d8-115,CREDIT_CARD,APPROVED,1525.50,BRL,3,sim_gateway_aurora,2026-09-07T18:01:16.074436Z,2026-09-07T18:01:19.943004Z,0.00,,,2026-09-07T18:01:19.943004Z,2026-09-07T18:01:19.943004Z
737,1053,SIM-783ef29c039c4b45a25bc6c5a7e358d8-116,PIX,APPROVED,304.31,BRL,1,sim_gateway_aurora,2026-09-07T17:59:55.820833Z,2026-09-07T18:00:55.820833Z,0.00,,,2026-09-07T18:01:19.943004Z,2026-09-07T18:01:19.943004Z
738,798,SIM-783ef29c039c4b45a25bc6c5a7e358d8-117,CREDIT_CARD,APPROVED,206.49,BRL,3,sim_gateway_aurora,2026-09-07T17:59:55.820833Z,2026-09-07T18:00:55.820833Z,0.00,,,2026-09-07T18:01:19.943004Z,2026-09-07T18:01:19.943004Z
739,1275,SIM-783ef29c039c4b45a25bc6c5a7e358d8-118,CREDIT_CARD,APPROVED,54.66,BRL,1,sim_gateway_horizonte,2026-09-07T17:59:55.820833Z,2026-09-07T18:00:55.820833Z,0.00,,,2026-09-07T18:01:19.943004Z,2026-09-07T18:01:19.943004Z
740,3204,SIM-783ef29c039c4b45a25bc6c5a7e358d8-119,PIX,PENDING,219.19,BRL,1,sim_gateway_aurora,,,0.00,,,2026-09-07T18:01:19.943004Z,2026-09-07T18:01:19.943004Z
741,3854,SIM-783ef29c039c4b45a25bc6c5a7e358d8-120,PIX,APPROVED,85.43,BRL,1,sim_gateway_integra,2026-09-07T17:59:55.820833Z,2026-09-07T18:00:55.820833Z,0.00,,,2026-09-07T18:01:19.943004Z,2026-09-07T18:01:19.943004Z
742,1966,SIM-783ef29c039c4b45a25bc6c5a7e358d8-121,PIX,APPROVED,229.99,BRL,1,sim_gateway_aurora,2026-09-07T17:59:55.820833Z,2026-09-07T18:00:55.820833Z,0.00,,,2026-09-07T18:01:19.943004Z,2026-09-07T18:01:19.943004Z
743,491,SIM-783ef29c039c4b45a25bc6c5a7e358d8-122,PIX,APPROVED,1054.32,BRL,1,sim_gateway_horizonte,2026-09-07T17:59:55.820833Z,2026-09-07T18:00:55.820833Z,0.00,,,2026-09-07T18:01:19.943004Z,2026-09-07T18:01:19.943004Z
744,3358,SIM-783ef29c039c4b45a25bc6c5a7e358d8-123,PIX,CANCELLED,247.21,BRL,1,sim_gateway_aurora,,,0.00,,,2026-09-07T18:01:19.943004Z,2026-09-07T18:01:19.943004Z
745,2980,SIM-783ef29c039c4b45a25bc6c5a7e358d8-124,CREDIT_CARD,APPROVED,500.09,BRL,1,sim_gateway_aurora,2026-09-07T18:01:16.074436Z,2026-09-07T18:01:19.943004Z,0.00,,,2026-09-07T18:01:19.943004Z,2026-09-07T18:01:19.943004Z
746,2017,SIM-783ef29c039c4b45a25bc6c5a7e358d8-125,PIX,APPROVED,536.96,BRL,1,sim_gateway_horizonte,2026-09-07T17:59:55.820833Z,2026-09-07T18:00:55.820833Z,0.00,,,2026-09-07T18:01:19.943004Z,2026-09-07T18:01:19.943004Z
747,1345,SIM-783ef29c039c4b45a25bc6c5a7e358d8-126,PIX,APPROVED,448.75,BRL,1,sim_gateway_aurora,2026-09-07T17:59:55.820833Z,2026-09-07T18:00:55.820833Z,0.00,,,2026-09-07T18:01:19.943004Z,2026-09-07T18:01:19.943004Z
748,1364,SIM-783ef29c039c4b45a25bc6c5a7e358d8-127,BOLETO,APPROVED,204.04,BRL,1,sim_gateway_aurora,2026-09-07T17:59:55.820833Z,2026-09-07T18:00:55.820833Z,0.00,,,2026-09-07T18:01:19.943004Z,2026-09-07T18:01:19.943004Z
749,301,SIM-783ef29c039c4b45a25bc6c5a7e358d8-128,PIX,APPROVED,184.81,BRL,1,sim_gateway_aurora,2026-09-07T17:59:55.820833Z,2026-09-07T18:00:55.820833Z,0.00,,,2026-09-07T18:01:19.943004Z,2026-09-07T18:01:19.943004Z
750,2600,SIM-783ef29c039c4b45a25bc6c5a7e358d8-129,CREDIT_CARD,PENDING,115.43,BRL,2,sim_gateway_aurora,,,0.00,,,2026-09-07T18:01:19.943004Z,2026-09-07T18:01:19.943004Z
751,2666,SIM-783ef29c039c4b45a25bc6c5a7e358d8-130,BOLETO,APPROVED,1146.99,BRL,1,sim_gateway_aurora,2026-09-07T17:59:55.820833Z,2026-09-07T18:00:55.820833Z,0.00,,,2026-09-07T18:01:19.943004Z,2026-09-07T18:01:19.943004Z
752,2265,SIM-783ef29c039c4b45a25bc6c5a7e358d8-131,CREDIT_CARD,APPROVED,150.00,BRL,6,sim_gateway_horizonte,2026-09-07T18:01:16.074436Z,2026-09-07T18:01:19.943004Z,0.00,,,2026-09-07T18:01:19.943004Z,2026-09-07T18:01:19.943004Z
753,3758,SIM-783ef29c039c4b45a25bc6c5a7e358d8-132,PIX,APPROVED,214.66,BRL,1,sim_gateway_integra,2026-09-07T17:59:55.820833Z,2026-09-07T18:00:55.820833Z,0.00,,,2026-09-07T18:01:19.943004Z,2026-09-07T18:01:19.943004Z
754,3148,SIM-783ef29c039c4b45a25bc6c5a7e358d8-133,PIX,APPROVED,90.21,BRL,1,sim_gateway_aurora,2026-09-07T17:59:55.820833Z,2026-09-07T18:00:55.820833Z,0.00,,,2026-09-07T18:01:19.943004Z,2026-09-07T18:01:19.943004Z
755,1932,SIM-783ef29c039c4b45a25bc6c5a7e358d8-134,BOLETO,APPROVED,294.79,BRL,1,sim_gateway_integra,2026-09-07T17:59:55.820833Z,2026-09-07T18:00:55.820833Z,0.00,,,2026-09-07T18:01:19.943004Z,2026-09-07T18:01:19.943004Z
756,1190,SIM-783ef29c039c4b45a25bc6c5a7e358d8-135,PIX,APPROVED,95.60,BRL,1,sim_gateway_horizonte,2026-09-07T17:59:55.820833Z,2026-09-07T18:00:55.820833Z,0.00,,,2026-09-07T18:01:19.943004Z,2026-09-07T18:01:19.943004Z
757,2180,SIM-783ef29c039c4b45a25bc6c5a7e358d8-136,BOLETO,APPROVED,109.81,BRL,1,sim_gateway_integra,2026-09-07T18:01:16.074436Z,2026-09-07T18:01:19.943004Z,0.00,,,2026-09-07T18:01:19.943004Z,2026-09-07T18:01:19.943004Z
758,2281,SIM-783ef29c039c4b45a25bc6c5a7e358d8-137,PIX,PENDING,892.06,BRL,1,sim_gateway_horizonte,,,0.00,,,2026-09-07T18:01:19.943004Z,2026-09-07T18:01:19.943004Z
759,547,SIM-783ef29c039c4b45a25bc6c5a7e358d8-138,PIX,PENDING,717.48,BRL,1,sim_gateway_integra,,,0.00,,,2026-09-07T18:01:19.943004Z,2026-09-07T18:01:19.943004Z
760,3694,SIM-783ef29c039c4b45a25bc6c5a7e358d8-139,CREDIT_CARD,APPROVED,83.23,BRL,6,sim_gateway_aurora,2026-09-07T18:01:16.074436Z,2026-09-07T18:01:19.943004Z,0.00,,,2026-09-07T18:01:19.943004Z,2026-09-07T18:01:19.943004Z
761,3894,SIM-783ef29c039c4b45a25bc6c5a7e358d8-140,PIX,PENDING,440.37,BRL,1,sim_gateway_aurora,,,0.00,,,2026-09-07T18:01:19.943004Z,2026-09-07T18:01:19.943004Z
762,2555,SIM-783ef29c039c4b45a25bc6c5a7e358d8-141,PIX,APPROVED,218.81,BRL,1,sim_gateway_integra,2026-09-07T18:01:16.074436Z,2026-09-07T18:01:19.943004Z,0.00,,,2026-09-07T18:01:19.943004Z,2026-09-07T18:01:19.943004Z
763,302,SIM-783ef29c039c4b45a25bc6c5a7e358d8-142,PIX,APPROVED,703.29,BRL,1,sim_gateway_integra,2026-09-07T17:59:55.820833Z,2026-09-07T18:00:55.820833Z,0.00,,,2026-09-07T18:01:19.943004Z,2026-09-07T18:01:19.943004Z
764,1338,SIM-783ef29c039c4b45a25bc6c5a7e358d8-143,BOLETO,APPROVED,882.49,BRL,1,sim_gateway_integra,2026-09-07T17:59:55.820833Z,2026-09-07T18:00:55.820833Z,0.00,,,2026-09-07T18:01:19.943004Z,2026-09-07T18:01:19.943004Z
765,944,SIM-783ef29c039c4b45a25bc6c5a7e358d8-144,CREDIT_CARD,PENDING,467.31,BRL,2,sim_gateway_integra,,,0.00,,,2026-09-07T18:01:19.943004Z,2026-09-07T18:01:19.943004Z
766,2397,SIM-783ef29c039c4b45a25bc6c5a7e358d8-145,CREDIT_CARD,APPROVED,1519.90,BRL,6,sim_gateway_horizonte,2026-09-07T18:01:16.040175Z,2026-09-07T18:01:19.943004Z,0.00,,,2026-09-07T18:01:19.943004Z,2026-09-07T18:01:19.943004Z
767,874,SIM-783ef29c039c4b45a25bc6c5a7e358d8-146,CREDIT_CARD,APPROVED,1062.90,BRL,3,sim_gateway_aurora,2026-09-07T17:59:55.820833Z,2026-09-07T18:00:55.820833Z,0.00,,,2026-09-07T18:01:19.943004Z,2026-09-07T18:01:19.943004Z
768,1327,SIM-783ef29c039c4b45a25bc6c5a7e358d8-147,PIX,APPROVED,119.52,BRL,1,sim_gateway_integra,2026-09-07T17:59:55.820833Z,2026-09-07T18:00:55.820833Z,0.00,,,2026-09-07T18:01:19.943004Z,2026-09-07T18:01:19.943004Z
769,2705,SIM-783ef29c039c4b45a25bc6c5a7e358d8-148,PIX,APPROVED,445.96,BRL,1,sim_gateway_integra,2026-09-07T18:01:16.074436Z,2026-09-07T18:01:19.943004Z,0.00,,,2026-09-07T18:01:19.943004Z,2026-09-07T18:01:19.943004Z
770,3711,SIM-783ef29c039c4b45a25bc6c5a7e358d8-149,PIX,APPROVED,58.39,BRL,1,sim_gateway_horizonte,2026-09-07T17:59:55.820833Z,2026-09-07T18:00:55.820833Z,0.00,,,2026-09-07T18:01:19.943004Z,2026-09-07T18:01:19.943004Z
771,1452,SIM-783ef29c039c4b45a25bc6c5a7e358d8-150,DEBIT_CARD,APPROVED,1216.87,BRL,1,sim_gateway_horizonte,2026-09-07T17:59:55.820833Z,2026-09-07T18:00:55.820833Z,0.00,,,2026-09-07T18:01:19.943004Z,2026-09-07T18:01:19.943004Z
772,3259,SIM-783ef29c039c4b45a25bc6c5a7e358d8-151,CREDIT_CARD,APPROVED,255.79,BRL,6,sim_gateway_integra,2026-09-07T18:01:16.074436Z,2026-09-07T18:01:19.943004Z,0.00,,,2026-09-07T18:01:19.943004Z,2026-09-07T18:01:19.943004Z
773,827,SIM-783ef29c039c4b45a25bc6c5a7e358d8-152,CREDIT_CARD,APPROVED,512.45,BRL,1,sim_gateway_horizonte,2026-09-07T17:59:55.820833Z,2026-09-07T18:00:55.820833Z,0.00,,,2026-09-07T18:01:19.943004Z,2026-09-07T18:01:19.943004Z
774,382,SIM-783ef29c039c4b45a25bc6c5a7e358d8-153,PIX,APPROVED,189.53,BRL,1,sim_gateway_integra,2026-09-07T17:59:55.820833Z,2026-09-07T18:00:55.820833Z,0.00,,,2026-09-07T18:01:19.943004Z,2026-09-07T18:01:19.943004Z
775,2984,SIM-783ef29c039c4b45a25bc6c5a7e358d8-154,CREDIT_CARD,APPROVED,68.18,BRL,2,sim_gateway_aurora,2026-09-07T17:59:55.820833Z,2026-09-07T18:00:55.820833Z,0.00,,,2026-09-07T18:01:19.943004Z,2026-09-07T18:01:19.943004Z
776,2942,SIM-783ef29c039c4b45a25bc6c5a7e358d8-155,CREDIT_CARD,APPROVED,1279.06,BRL,2,sim_gateway_horizonte,2026-09-07T18:01:16.074436Z,2026-09-07T18:01:19.943004Z,0.00,,,2026-09-07T18:01:19.943004Z,2026-09-07T18:01:19.943004Z
777,1797,SIM-783ef29c039c4b45a25bc6c5a7e358d8-156,CREDIT_CARD,APPROVED,403.11,BRL,3,sim_gateway_aurora,2026-09-07T17:59:55.820833Z,2026-09-07T18:00:55.820833Z,0.00,,,2026-09-07T18:01:19.943004Z,2026-09-07T18:01:19.943004Z
778,1444,SIM-783ef29c039c4b45a25bc6c5a7e358d8-157,CREDIT_CARD,APPROVED,1966.26,BRL,6,sim_gateway_integra,2026-09-07T17:59:55.820833Z,2026-09-07T18:00:55.820833Z,0.00,,,2026-09-07T18:01:19.943004Z,2026-09-07T18:01:19.943004Z
779,3491,SIM-783ef29c039c4b45a25bc6c5a7e358d8-158,PIX,PENDING,92.98,BRL,1,sim_gateway_aurora,,,0.00,,,2026-09-07T18:01:19.943004Z,2026-09-07T18:01:19.943004Z
780,372,SIM-783ef29c039c4b45a25bc6c5a7e358d8-159,PIX,APPROVED,168.37,BRL,1,sim_gateway_horizonte,2026-09-07T17:59:55.820833Z,2026-09-07T18:00:55.820833Z,0.00,,,2026-09-07T18:01:19.943004Z,2026-09-07T18:01:19.943004Z
781,3386,SIM-783ef29c039c4b45a25bc6c5a7e358d8-160,CREDIT_CARD,APPROVED,55.15,BRL,6,sim_gateway_aurora,2026-09-07T18:01:16.074436Z,2026-09-07T18:01:19.943004Z,0.00,,,2026-09-07T18:01:19.943004Z,2026-09-07T18:01:19.943004Z
782,2048,SIM-783ef29c039c4b45a25bc6c5a7e358d8-161,PIX,APPROVED,1340.08,BRL,1,sim_gateway_aurora,2026-09-07T18:01:16.074436Z,2026-09-07T18:01:19.943004Z,0.00,,,2026-09-07T18:01:19.943004Z,2026-09-07T18:01:19.943004Z
783,2682,SIM-783ef29c039c4b45a25bc6c5a7e358d8-162,CREDIT_CARD,APPROVED,154.17,BRL,3,sim_gateway_integra,2026-09-07T18:01:16.074436Z,2026-09-07T18:01:19.943004Z,0.00,,,2026-09-07T18:01:19.943004Z,2026-09-07T18:01:19.943004Z
784,4015,SIM-783ef29c039c4b45a25bc6c5a7e358d8-163,CREDIT_CARD,APPROVED,1411.32,BRL,2,sim_gateway_integra,2026-09-07T18:01:16.074436Z,2026-09-07T18:01:19.943004Z,0.00,,,2026-09-07T18:01:19.943004Z,2026-09-07T18:01:19.943004Z
785,537,SIM-783ef29c039c4b45a25bc6c5a7e358d8-164,CREDIT_CARD,APPROVED,245.50,BRL,3,sim_gateway_horizonte,2026-09-07T17:59:55.820833Z,2026-09-07T18:00:55.820833Z,0.00,,,2026-09-07T18:01:19.943004Z,2026-09-07T18:01:19.943004Z
786,1530,SIM-783ef29c039c4b45a25bc6c5a7e358d8-165,PIX,PENDING,474.20,BRL,1,sim_gateway_aurora,,,0.00,,,2026-09-07T18:01:19.943004Z,2026-09-07T18:01:19.943004Z
787,340,SIM-783ef29c039c4b45a25bc6c5a7e358d8-166,CREDIT_CARD,APPROVED,102.28,BRL,6,sim_gateway_aurora,2026-09-07T17:59:55.820833Z,2026-09-07T18:00:55.820833Z,0.00,,,2026-09-07T18:01:19.943004Z,2026-09-07T18:01:19.943004Z
788,2012,SIM-783ef29c039c4b45a25bc6c5a7e358d8-167,CREDIT_CARD,APPROVED,235.40,BRL,6,sim_gateway_aurora,2026-09-07T17:59:55.820833Z,2026-09-07T18:00:55.820833Z,0.00,,,2026-09-07T18:01:19.943004Z,2026-09-07T18:01:19.943004Z
789,3732,SIM-783ef29c039c4b45a25bc6c5a7e358d8-168,CREDIT_CARD,APPROVED,596.89,BRL,6,sim_gateway_integra,2026-09-07T18:01:16.074436Z,2026-09-07T18:01:19.943004Z,0.00,,,2026-09-07T18:01:19.943004Z,2026-09-07T18:01:19.943004Z
790,3765,SIM-783ef29c039c4b45a25bc6c5a7e358d8-169,CREDIT_CARD,APPROVED,1026.73,BRL,2,sim_gateway_aurora,2026-09-07T18:01:16.074436Z,2026-09-07T18:01:19.943004Z,0.00,,,2026-09-07T18:01:19.943004Z,2026-09-07T18:01:19.943004Z
791,1476,SIM-783ef29c039c4b45a25bc6c5a7e358d8-170,PIX,APPROVED,149.78,BRL,1,sim_gateway_aurora,2026-09-07T17:59:55.820833Z,2026-09-07T18:00:55.820833Z,0.00,,,2026-09-07T18:01:19.943004Z,2026-09-07T18:01:19.943004Z
792,2955,SIM-783ef29c039c4b45a25bc6c5a7e358d8-171,PIX,APPROVED,452.97,BRL,1,sim_gateway_integra,2026-09-07T18:01:16.074436Z,2026-09-07T18:01:19.943004Z,0.00,,,2026-09-07T18:01:19.943004Z,2026-09-07T18:01:19.943004Z
793,975,SIM-783ef29c039c4b45a25bc6c5a7e358d8-172,PIX,PENDING,931.29,BRL,1,sim_gateway_horizonte,,,0.00,,,2026-09-07T18:01:19.943004Z,2026-09-07T18:01:19.943004Z
794,2678,SIM-783ef29c039c4b45a25bc6c5a7e358d8-173,BOLETO,APPROVED,373.84,BRL,1,sim_gateway_aurora,2026-09-07T18:01:15.650470Z,2026-09-07T18:01:19.943004Z,0.00,,,2026-09-07T18:01:19.943004Z,2026-09-07T18:01:19.943004Z
795,290,SIM-783ef29c039c4b45a25bc6c5a7e358d8-174,PIX,APPROVED,541.75,BRL,1,sim_gateway_aurora,2026-09-07T17:59:55.820833Z,2026-09-07T18:00:55.820833Z,0.00,,,2026-09-07T18:01:19.943004Z,2026-09-07T18:01:19.943004Z
796,3374,SIM-783ef29c039c4b45a25bc6c5a7e358d8-175,BOLETO,APPROVED,319.46,BRL,1,sim_gateway_horizonte,2026-09-07T17:59:55.820833Z,2026-09-07T18:00:55.820833Z,0.00,,,2026-09-07T18:01:19.943004Z,2026-09-07T18:01:19.943004Z
797,1870,SIM-783ef29c039c4b45a25bc6c5a7e358d8-176,CREDIT_CARD,APPROVED,352.70,BRL,3,sim_gateway_aurora,2026-09-07T17:59:55.820833Z,2026-09-07T18:00:55.820833Z,0.00,,,2026-09-07T18:01:19.943004Z,2026-09-07T18:01:19.943004Z
798,288,SIM-783ef29c039c4b45a25bc6c5a7e358d8-177,PIX,APPROVED,291.87,BRL,1,sim_gateway_horizonte,2026-09-07T17:59:55.820833Z,2026-09-07T18:00:55.820833Z,0.00,,,2026-09-07T18:01:19.943004Z,2026-09-07T18:01:19.943004Z
799,1014,SIM-783ef29c039c4b45a25bc6c5a7e358d8-178,CREDIT_CARD,APPROVED,205.55,BRL,2,sim_gateway_horizonte,2026-09-07T17:59:55.820833Z,2026-09-07T18:00:55.820833Z,0.00,,,2026-09-07T18:01:19.943004Z,2026-09-07T18:01:19.943004Z
800,3510,SIM-783ef29c039c4b45a25bc6c5a7e358d8-179,CREDIT_CARD,APPROVED,1859.88,BRL,1,sim_gateway_horizonte,2026-09-07T17:59:55.820833Z,2026-09-07T18:00:55.820833Z,0.00,,,2026-09-07T18:01:19.943004Z,2026-09-07T18:01:19.943004Z
801,3821,SIM-783ef29c039c4b45a25bc6c5a7e358d8-180,CREDIT_CARD,APPROVED,757.84,BRL,1,sim_gateway_horizonte,2026-09-07T18:01:16.074436Z,2026-09-07T18:01:19.943004Z,0.00,,,2026-09-07T18:01:19.943004Z,2026-09-07T18:01:19.943004Z
802,3898,SIM-783ef29c039c4b45a25bc6c5a7e358d8-181,PIX,APPROVED,476.41,BRL,1,sim_gateway_aurora,2026-09-07T18:01:16.074436Z,2026-09-07T18:01:19.943004Z,0.00,,,2026-09-07T18:01:19.943004Z,2026-09-07T18:01:19.943004Z
803,3136,SIM-783ef29c039c4b45a25bc6c5a7e358d8-182,DEBIT_CARD,PENDING,347.11,BRL,1,sim_gateway_integra,,,0.00,,,2026-09-07T18:01:19.943004Z,2026-09-07T18:01:19.943004Z
804,347,SIM-783ef29c039c4b45a25bc6c5a7e358d8-183,DEBIT_CARD,APPROVED,346.39,BRL,1,sim_gateway_integra,2026-09-07T17:59:55.820833Z,2026-09-07T18:00:55.820833Z,0.00,,,2026-09-07T18:01:19.943004Z,2026-09-07T18:01:19.943004Z
805,1999,SIM-783ef29c039c4b45a25bc6c5a7e358d8-184,PIX,APPROVED,483.48,BRL,1,sim_gateway_integra,2026-09-07T17:59:55.820833Z,2026-09-07T18:00:55.820833Z,0.00,,,2026-09-07T18:01:19.943004Z,2026-09-07T18:01:19.943004Z
806,3196,SIM-783ef29c039c4b45a25bc6c5a7e358d8-185,CREDIT_CARD,APPROVED,84.41,BRL,6,sim_gateway_aurora,2026-09-07T18:01:16.074436Z,2026-09-07T18:01:19.943004Z,0.00,,,2026-09-07T18:01:19.943004Z,2026-09-07T18:01:19.943004Z
807,1709,SIM-783ef29c039c4b45a25bc6c5a7e358d8-186,PIX,CANCELLED,303.71,BRL,1,sim_gateway_integra,,,0.00,,,2026-09-07T18:01:19.943004Z,2026-09-07T18:01:19.943004Z
808,3137,SIM-783ef29c039c4b45a25bc6c5a7e358d8-187,CREDIT_CARD,APPROVED,1938.98,BRL,3,sim_gateway_horizonte,2026-09-07T18:01:15.650470Z,2026-09-07T18:01:19.943004Z,0.00,,,2026-09-07T18:01:19.943004Z,2026-09-07T18:01:19.943004Z
809,3713,SIM-783ef29c039c4b45a25bc6c5a7e358d8-188,CREDIT_CARD,APPROVED,6189.73,BRL,3,sim_gateway_integra,2026-09-07T18:01:16.074436Z,2026-09-07T18:01:19.943004Z,0.00,,,2026-09-07T18:01:19.943004Z,2026-09-07T18:01:19.943004Z
810,772,SIM-783ef29c039c4b45a25bc6c5a7e358d8-189,CREDIT_CARD,APPROVED,465.83,BRL,3,sim_gateway_aurora,2026-09-07T17:59:55.820833Z,2026-09-07T18:00:55.820833Z,0.00,,,2026-09-07T18:01:19.943004Z,2026-09-07T18:01:19.943004Z
811,1418,SIM-783ef29c039c4b45a25bc6c5a7e358d8-190,CREDIT_CARD,APPROVED,283.04,BRL,3,sim_gateway_integra,2026-09-07T17:59:55.820833Z,2026-09-07T18:00:55.820833Z,0.00,,,2026-09-07T18:01:19.943004Z,2026-09-07T18:01:19.943004Z
812,3031,SIM-783ef29c039c4b45a25bc6c5a7e358d8-191,DEBIT_CARD,PENDING,48.01,BRL,1,sim_gateway_horizonte,,,0.00,,,2026-09-07T18:01:19.943004Z,2026-09-07T18:01:19.943004Z
813,1780,SIM-783ef29c039c4b45a25bc6c5a7e358d8-192,CREDIT_CARD,APPROVED,320.09,BRL,2,sim_gateway_aurora,2026-09-07T17:59:55.820833Z,2026-09-07T18:00:55.820833Z,0.00,,,2026-09-07T18:01:19.943004Z,2026-09-07T18:01:19.943004Z
814,4390,SIM-8b8c4fac01bd49daa2a57b9872fa78b2-0,PIX,PENDING,1638.17,BRL,1,sim_gateway_integra,,,0.00,,,2026-09-13T19:22:50.472136Z,2026-09-13T19:22:50.472136Z
815,1355,SIM-8b8c4fac01bd49daa2a57b9872fa78b2-1,BOLETO,APPROVED,178.30,BRL,1,sim_gateway_horizonte,2026-09-07T17:59:55.820833Z,2026-09-07T18:00:55.820833Z,0.00,,,2026-09-13T19:22:50.472136Z,2026-09-13T19:22:50.472136Z
816,3996,SIM-8b8c4fac01bd49daa2a57b9872fa78b2-2,DEBIT_CARD,APPROVED,200.81,BRL,1,sim_gateway_integra,2026-09-07T18:01:15.650470Z,2026-09-07T18:02:15.650470Z,0.00,,,2026-09-13T19:22:50.472136Z,2026-09-13T19:22:50.472136Z
817,4336,SIM-8b8c4fac01bd49daa2a57b9872fa78b2-3,CREDIT_CARD,PENDING,367.29,BRL,1,sim_gateway_integra,,,0.00,,,2026-09-13T19:22:50.472136Z,2026-09-13T19:22:50.472136Z
818,4084,SIM-8b8c4fac01bd49daa2a57b9872fa78b2-4,PIX,APPROVED,462.72,BRL,1,sim_gateway_horizonte,2026-09-07T18:01:16.074436Z,2026-09-07T18:02:16.074436Z,0.00,,,2026-09-13T19:22:50.472136Z,2026-09-13T19:22:50.472136Z
819,3889,SIM-8b8c4fac01bd49daa2a57b9872fa78b2-5,CREDIT_CARD,CANCELLED,371.76,BRL,6,sim_gateway_horizonte,,,0.00,,,2026-09-13T19:22:50.472136Z,2026-09-13T19:22:50.472136Z
820,3955,SIM-8b8c4fac01bd49daa2a57b9872fa78b2-6,PIX,CANCELLED,327.37,BRL,1,sim_gateway_integra,,,0.00,,,2026-09-13T19:22:50.472136Z,2026-09-13T19:22:50.472136Z
821,2023,SIM-8b8c4fac01bd49daa2a57b9872fa78b2-7,CREDIT_CARD,APPROVED,451.29,BRL,2,sim_gateway_horizonte,2026-09-07T17:59:55.820833Z,2026-09-07T18:00:55.820833Z,0.00,,,2026-09-13T19:22:50.472136Z,2026-09-13T19:22:50.472136Z
822,2040,SIM-8b8c4fac01bd49daa2a57b9872fa78b2-8,DEBIT_CARD,APPROVED,511.92,BRL,1,sim_gateway_integra,2026-09-07T17:59:55.820833Z,2026-09-07T18:00:55.820833Z,0.00,,,2026-09-13T19:22:50.472136Z,2026-09-13T19:22:50.472136Z
823,2234,SIM-8b8c4fac01bd49daa2a57b9872fa78b2-9,CREDIT_CARD,APPROVED,338.29,BRL,1,sim_gateway_horizonte,2026-09-07T18:01:16.074436Z,2026-09-07T18:02:16.074436Z,0.00,,,2026-09-13T19:22:50.472136Z,2026-09-13T19:22:50.472136Z
824,1830,SIM-8b8c4fac01bd49daa2a57b9872fa78b2-10,CREDIT_CARD,APPROVED,1484.76,BRL,2,sim_gateway_horizonte,2026-09-07T17:59:55.820833Z,2026-09-07T18:00:55.820833Z,0.00,,,2026-09-13T19:22:50.472136Z,2026-09-13T19:22:50.472136Z
825,485,SIM-8b8c4fac01bd49daa2a57b9872fa78b2-11,PIX,APPROVED,242.67,BRL,1,sim_gateway_integra,2026-09-07T17:59:55.820833Z,2026-09-07T18:00:55.820833Z,0.00,,,2026-09-13T19:22:50.472136Z,2026-09-13T19:22:50.472136Z
826,1983,SIM-8b8c4fac01bd49daa2a57b9872fa78b2-12,CREDIT_CARD,APPROVED,5289.65,BRL,3,sim_gateway_aurora,2026-09-07T17:59:55.820833Z,2026-09-07T18:00:55.820833Z,0.00,,,2026-09-13T19:22:50.472136Z,2026-09-13T19:22:50.472136Z
827,2125,SIM-8b8c4fac01bd49daa2a57b9872fa78b2-13,CREDIT_CARD,APPROVED,495.74,BRL,1,sim_gateway_integra,2026-09-07T18:01:16.074436Z,2026-09-07T18:02:16.074436Z,0.00,,,2026-09-13T19:22:50.472136Z,2026-09-13T19:22:50.472136Z
828,4160,SIM-8b8c4fac01bd49daa2a57b9872fa78b2-14,PIX,APPROVED,415.72,BRL,1,sim_gateway_horizonte,2026-09-13T19:22:00.645302Z,2026-09-13T19:22:50.472136Z,0.00,,,2026-09-13T19:22:50.472136Z,2026-09-13T19:22:50.472136Z
829,1245,SIM-8b8c4fac01bd49daa2a57b9872fa78b2-15,DEBIT_CARD,APPROVED,278.02,BRL,1,sim_gateway_integra,2026-09-07T17:59:55.820833Z,2026-09-07T18:00:55.820833Z,0.00,,,2026-09-13T19:22:50.472136Z,2026-09-13T19:22:50.472136Z
830,4457,SIM-8b8c4fac01bd49daa2a57b9872fa78b2-16,CREDIT_CARD,PENDING,303.93,BRL,2,sim_gateway_integra,,,0.00,,,2026-09-13T19:22:50.472136Z,2026-09-13T19:22:50.472136Z
831,2781,SIM-8b8c4fac01bd49daa2a57b9872fa78b2-17,BOLETO,APPROVED,444.88,BRL,1,sim_gateway_aurora,2026-09-07T18:01:16.074436Z,2026-09-07T18:02:16.074436Z,0.00,,,2026-09-13T19:22:50.472136Z,2026-09-13T19:22:50.472136Z
832,3438,SIM-8b8c4fac01bd49daa2a57b9872fa78b2-18,CREDIT_CARD,APPROVED,1673.70,BRL,3,sim_gateway_integra,2026-09-07T18:01:16.074436Z,2026-09-07T18:02:16.074436Z,0.00,,,2026-09-13T19:22:50.472136Z,2026-09-13T19:22:50.472136Z
833,889,SIM-8b8c4fac01bd49daa2a57b9872fa78b2-19,DEBIT_CARD,PENDING,1650.38,BRL,1,sim_gateway_aurora,,,0.00,,,2026-09-13T19:22:50.472136Z,2026-09-13T19:22:50.472136Z
834,3435,SIM-8b8c4fac01bd49daa2a57b9872fa78b2-20,CREDIT_CARD,APPROVED,49.73,BRL,1,sim_gateway_integra,2026-09-07T18:01:16.074436Z,2026-09-07T18:02:16.074436Z,0.00,,,2026-09-13T19:22:50.472136Z,2026-09-13T19:22:50.472136Z
835,4481,SIM-8b8c4fac01bd49daa2a57b9872fa78b2-21,PIX,APPROVED,111.81,BRL,1,sim_gateway_integra,2026-09-13T08:13:15.407595Z,2026-09-13T08:14:15.407595Z,0.00,,,2026-09-13T19:22:50.472136Z,2026-09-13T19:22:50.472136Z
836,1032,SIM-8b8c4fac01bd49daa2a57b9872fa78b2-22,CREDIT_CARD,PENDING,1247.31,BRL,1,sim_gateway_horizonte,,,0.00,,,2026-09-13T19:22:50.472136Z,2026-09-13T19:22:50.472136Z
837,3455,SIM-8b8c4fac01bd49daa2a57b9872fa78b2-23,CREDIT_CARD,APPROVED,99.55,BRL,1,sim_gateway_aurora,2026-09-07T17:59:55.820833Z,2026-09-07T18:00:55.820833Z,0.00,,,2026-09-13T19:22:50.472136Z,2026-09-13T19:22:50.472136Z
838,511,SIM-8b8c4fac01bd49daa2a57b9872fa78b2-24,CREDIT_CARD,APPROVED,3209.78,BRL,1,sim_gateway_horizonte,2026-09-07T17:59:55.820833Z,2026-09-07T18:00:55.820833Z,0.00,,,2026-09-13T19:22:50.472136Z,2026-09-13T19:22:50.472136Z
839,2563,SIM-8b8c4fac01bd49daa2a57b9872fa78b2-25,CREDIT_CARD,APPROVED,204.13,BRL,6,sim_gateway_aurora,2026-09-07T18:01:16.040175Z,2026-09-07T18:02:16.040175Z,0.00,,,2026-09-13T19:22:50.472136Z,2026-09-13T19:22:50.472136Z
840,2587,SIM-8b8c4fac01bd49daa2a57b9872fa78b2-26,CREDIT_CARD,APPROVED,419.90,BRL,6,sim_gateway_aurora,2026-09-07T18:01:15.650470Z,2026-09-07T18:02:15.650470Z,0.00,,,2026-09-13T19:22:50.472136Z,2026-09-13T19:22:50.472136Z
841,923,SIM-8b8c4fac01bd49daa2a57b9872fa78b2-27,PIX,PENDING,224.29,BRL,1,sim_gateway_aurora,,,0.00,,,2026-09-13T19:22:50.472136Z,2026-09-13T19:22:50.472136Z
842,4444,SIM-8b8c4fac01bd49daa2a57b9872fa78b2-28,PIX,APPROVED,570.31,BRL,1,sim_gateway_aurora,2026-09-13T19:22:00.645302Z,2026-09-13T19:22:50.472136Z,0.00,,,2026-09-13T19:22:50.472136Z,2026-09-13T19:22:50.472136Z
843,2168,SIM-8b8c4fac01bd49daa2a57b9872fa78b2-29,CREDIT_CARD,APPROVED,327.78,BRL,1,sim_gateway_integra,2026-09-07T18:01:16.074436Z,2026-09-07T18:02:16.074436Z,0.00,,,2026-09-13T19:22:50.472136Z,2026-09-13T19:22:50.472136Z
844,2552,SIM-8b8c4fac01bd49daa2a57b9872fa78b2-30,CREDIT_CARD,APPROVED,78.61,BRL,2,sim_gateway_aurora,2026-09-07T17:59:55.820833Z,2026-09-07T18:00:55.820833Z,0.00,,,2026-09-13T19:22:50.472136Z,2026-09-13T19:22:50.472136Z
845,2275,SIM-8b8c4fac01bd49daa2a57b9872fa78b2-31,PIX,APPROVED,105.76,BRL,1,sim_gateway_integra,2026-09-07T18:01:16.074436Z,2026-09-07T18:02:16.074436Z,0.00,,,2026-09-13T19:22:50.472136Z,2026-09-13T19:22:50.472136Z
846,838,SIM-8b8c4fac01bd49daa2a57b9872fa78b2-32,PIX,APPROVED,199.32,BRL,1,sim_gateway_integra,2026-09-07T17:59:55.820833Z,2026-09-07T18:00:55.820833Z,0.00,,,2026-09-13T19:22:50.472136Z,2026-09-13T19:22:50.472136Z
847,3527,SIM-8b8c4fac01bd49daa2a57b9872fa78b2-33,BOLETO,APPROVED,202.78,BRL,1,sim_gateway_horizonte,2026-09-07T18:01:16.074436Z,2026-09-07T18:02:16.074436Z,0.00,,,2026-09-13T19:22:50.472136Z,2026-09-13T19:22:50.472136Z
848,1474,SIM-8b8c4fac01bd49daa2a57b9872fa78b2-34,BOLETO,APPROVED,552.31,BRL,1,sim_gateway_integra,2026-09-07T17:59:55.820833Z,2026-09-07T18:00:55.820833Z,0.00,,,2026-09-13T19:22:50.472136Z,2026-09-13T19:22:50.472136Z
849,3580,SIM-8b8c4fac01bd49daa2a57b9872fa78b2-35,BOLETO,APPROVED,374.69,BRL,1,sim_gateway_integra,2026-09-07T18:01:16.074436Z,2026-09-07T18:02:16.074436Z,0.00,,,2026-09-13T19:22:50.472136Z,2026-09-13T19:22:50.472136Z
850,4036,SIM-8b8c4fac01bd49daa2a57b9872fa78b2-36,PIX,APPROVED,116.00,BRL,1,sim_gateway_horizonte,2026-09-07T18:01:15.650470Z,2026-09-07T18:02:15.650470Z,0.00,,,2026-09-13T19:22:50.472136Z,2026-09-13T19:22:50.472136Z
851,637,SIM-8b8c4fac01bd49daa2a57b9872fa78b2-37,CREDIT_CARD,APPROVED,237.26,BRL,3,sim_gateway_integra,2026-09-07T17:59:55.820833Z,2026-09-07T18:00:55.820833Z,0.00,,,2026-09-13T19:22:50.472136Z,2026-09-13T19:22:50.472136Z
852,3342,SIM-8b8c4fac01bd49daa2a57b9872fa78b2-38,BOLETO,APPROVED,288.40,BRL,1,sim_gateway_integra,2026-09-07T18:01:16.074436Z,2026-09-07T18:02:16.074436Z,0.00,,,2026-09-13T19:22:50.472136Z,2026-09-13T19:22:50.472136Z
853,2458,SIM-4aa0496e984640b7bb60098bb6a1077b-0,PIX,APPROVED,340.48,BRL,1,sim_gateway_aurora,2026-09-07T18:01:16.074436Z,2026-09-07T18:02:16.074436Z,0.00,,,2026-09-13T19:23:36.338981Z,2026-09-13T19:23:36.338981Z
854,3717,SIM-4aa0496e984640b7bb60098bb6a1077b-1,BOLETO,APPROVED,120.78,BRL,1,sim_gateway_integra,2026-09-07T17:59:55.820833Z,2026-09-07T18:00:55.820833Z,0.00,,,2026-09-13T19:23:36.338981Z,2026-09-13T19:23:36.338981Z
855,3747,SIM-4aa0496e984640b7bb60098bb6a1077b-2,PIX,APPROVED,1492.09,BRL,1,sim_gateway_aurora,2026-09-07T18:01:16.074436Z,2026-09-07T18:02:16.074436Z,0.00,,,2026-09-13T19:23:36.338981Z,2026-09-13T19:23:36.338981Z
856,4147,SIM-4aa0496e984640b7bb60098bb6a1077b-3,CREDIT_CARD,APPROVED,606.57,BRL,1,sim_gateway_integra,2026-09-13T19:22:00.645302Z,2026-09-13T19:23:00.645302Z,0.00,,,2026-09-13T19:23:36.338981Z,2026-09-13T19:23:36.338981Z
857,3350,SIM-4aa0496e984640b7bb60098bb6a1077b-4,PIX,APPROVED,304.00,BRL,1,sim_gateway_horizonte,2026-09-07T18:01:15.650470Z,2026-09-07T18:02:15.650470Z,0.00,,,2026-09-13T19:23:36.338981Z,2026-09-13T19:23:36.338981Z
858,727,SIM-4aa0496e984640b7bb60098bb6a1077b-5,DEBIT_CARD,APPROVED,260.30,BRL,1,sim_gateway_integra,2026-09-07T17:59:55.820833Z,2026-09-07T18:00:55.820833Z,0.00,,,2026-09-13T19:23:36.338981Z,2026-09-13T19:23:36.338981Z
859,3644,SIM-4aa0496e984640b7bb60098bb6a1077b-6,CREDIT_CARD,APPROVED,162.79,BRL,2,sim_gateway_integra,2026-09-07T18:01:16.074436Z,2026-09-07T18:02:16.074436Z,0.00,,,2026-09-13T19:23:36.338981Z,2026-09-13T19:23:36.338981Z
860,3932,SIM-4aa0496e984640b7bb60098bb6a1077b-7,BOLETO,APPROVED,166.17,BRL,1,sim_gateway_aurora,2026-09-07T18:01:16.074436Z,2026-09-07T18:02:16.074436Z,0.00,,,2026-09-13T19:23:36.338981Z,2026-09-13T19:23:36.338981Z
861,2241,SIM-4aa0496e984640b7bb60098bb6a1077b-8,CREDIT_CARD,APPROVED,1126.52,BRL,3,sim_gateway_integra,2026-09-07T18:01:16.074436Z,2026-09-07T18:02:16.074436Z,0.00,,,2026-09-13T19:23:36.338981Z,2026-09-13T19:23:36.338981Z
862,1543,SIM-4aa0496e984640b7bb60098bb6a1077b-9,DEBIT_CARD,APPROVED,589.43,BRL,1,sim_gateway_aurora,2026-09-07T17:59:55.820833Z,2026-09-07T18:00:55.820833Z,0.00,,,2026-09-13T19:23:36.338981Z,2026-09-13T19:23:36.338981Z
863,1822,SIM-4aa0496e984640b7bb60098bb6a1077b-10,CREDIT_CARD,APPROVED,428.54,BRL,1,sim_gateway_integra,2026-09-07T17:59:55.820833Z,2026-09-07T18:00:55.820833Z,0.00,,,2026-09-13T19:23:36.338981Z,2026-09-13T19:23:36.338981Z
864,787,SIM-4aa0496e984640b7bb60098bb6a1077b-11,PIX,APPROVED,103.66,BRL,1,sim_gateway_integra,2026-09-07T17:59:55.820833Z,2026-09-07T18:00:55.820833Z,0.00,,,2026-09-13T19:23:36.338981Z,2026-09-13T19:23:36.338981Z
865,4781,SIM-4aa0496e984640b7bb60098bb6a1077b-12,CREDIT_CARD,APPROVED,3667.44,BRL,1,sim_gateway_horizonte,2026-09-12T21:27:06.440327Z,2026-09-12T21:28:06.440327Z,0.00,,,2026-09-13T19:23:36.338981Z,2026-09-13T19:23:36.338981Z
866,4825,SIM-4aa0496e984640b7bb60098bb6a1077b-13,CREDIT_CARD,APPROVED,420.88,BRL,1,sim_gateway_aurora,2026-09-13T11:29:48.440327Z,2026-09-13T11:30:48.440327Z,0.00,,,2026-09-13T19:23:36.338981Z,2026-09-13T19:23:36.338981Z
867,1609,SIM-4aa0496e984640b7bb60098bb6a1077b-14,CREDIT_CARD,APPROVED,130.79,BRL,1,sim_gateway_horizonte,2026-09-07T17:59:55.820833Z,2026-09-07T18:00:55.820833Z,0.00,,,2026-09-13T19:23:36.338981Z,2026-09-13T19:23:36.338981Z
868,4014,SIM-4aa0496e984640b7bb60098bb6a1077b-15,CREDIT_CARD,APPROVED,137.41,BRL,6,sim_gateway_aurora,2026-09-07T17:59:55.820833Z,2026-09-07T18:00:55.820833Z,0.00,,,2026-09-13T19:23:36.338981Z,2026-09-13T19:23:36.338981Z
869,4761,SIM-4aa0496e984640b7bb60098bb6a1077b-16,CREDIT_CARD,CANCELLED,73.38,BRL,6,sim_gateway_aurora,,,0.00,,,2026-09-13T19:23:36.338981Z,2026-09-13T19:23:36.338981Z
870,4223,SIM-4aa0496e984640b7bb60098bb6a1077b-17,PIX,APPROVED,1010.64,BRL,1,sim_gateway_aurora,2026-09-13T11:31:01.407595Z,2026-09-13T11:32:01.407595Z,0.00,,,2026-09-13T19:23:36.338981Z,2026-09-13T19:23:36.338981Z
871,1428,SIM-4aa0496e984640b7bb60098bb6a1077b-18,PIX,APPROVED,119.80,BRL,1,sim_gateway_aurora,2026-09-07T17:59:55.820833Z,2026-09-07T18:00:55.820833Z,0.00,,,2026-09-13T19:23:36.338981Z,2026-09-13T19:23:36.338981Z
872,2686,SIM-4aa0496e984640b7bb60098bb6a1077b-19,CREDIT_CARD,APPROVED,158.56,BRL,1,sim_gateway_integra,2026-09-07T18:01:15.650470Z,2026-09-07T18:02:15.650470Z,0.00,,,2026-09-13T19:23:36.338981Z,2026-09-13T19:23:36.338981Z
873,1049,SIM-4aa0496e984640b7bb60098bb6a1077b-20,CREDIT_CARD,PENDING,4898.43,BRL,2,sim_gateway_aurora,,,0.00,,,2026-09-13T19:23:36.338981Z,2026-09-13T19:23:36.338981Z
874,3170,SIM-4aa0496e984640b7bb60098bb6a1077b-21,PIX,APPROVED,124.80,BRL,1,sim_gateway_integra,2026-09-07T18:01:16.074436Z,2026-09-07T18:02:16.074436Z,0.00,,,2026-09-13T19:23:36.338981Z,2026-09-13T19:23:36.338981Z
875,3709,SIM-4aa0496e984640b7bb60098bb6a1077b-22,PIX,PENDING,51.54,BRL,1,sim_gateway_integra,,,0.00,,,2026-09-13T19:23:36.338981Z,2026-09-13T19:23:36.338981Z
876,2279,SIM-4aa0496e984640b7bb60098bb6a1077b-23,BOLETO,APPROVED,514.49,BRL,1,sim_gateway_horizonte,2026-09-07T17:59:55.820833Z,2026-09-07T18:00:55.820833Z,0.00,,,2026-09-13T19:23:36.338981Z,2026-09-13T19:23:36.338981Z
877,4475,SIM-4aa0496e984640b7bb60098bb6a1077b-24,BOLETO,CANCELLED,251.40,BRL,1,sim_gateway_integra,,,0.00,,,2026-09-13T19:23:36.338981Z,2026-09-13T19:23:36.338981Z
878,2248,SIM-4aa0496e984640b7bb60098bb6a1077b-25,BOLETO,APPROVED,129.52,BRL,1,sim_gateway_integra,2026-09-07T18:01:16.074436Z,2026-09-07T18:02:16.074436Z,0.00,,,2026-09-13T19:23:36.338981Z,2026-09-13T19:23:36.338981Z
879,634,SIM-4aa0496e984640b7bb60098bb6a1077b-26,PIX,PENDING,279.80,BRL,1,sim_gateway_horizonte,,,0.00,,,2026-09-13T19:23:36.338981Z,2026-09-13T19:23:36.338981Z
880,3005,SIM-4aa0496e984640b7bb60098bb6a1077b-27,CREDIT_CARD,APPROVED,676.28,BRL,3,sim_gateway_integra,2026-09-07T18:01:16.074436Z,2026-09-07T18:02:16.074436Z,0.00,,,2026-09-13T19:23:36.338981Z,2026-09-13T19:23:36.338981Z
881,3506,SIM-4aa0496e984640b7bb60098bb6a1077b-28,BOLETO,APPROVED,516.99,BRL,1,sim_gateway_integra,2026-09-07T18:01:16.074436Z,2026-09-07T18:02:16.074436Z,0.00,,,2026-09-13T19:23:36.338981Z,2026-09-13T19:23:36.338981Z
882,4436,SIM-4aa0496e984640b7bb60098bb6a1077b-29,BOLETO,APPROVED,79.92,BRL,1,sim_gateway_integra,2026-09-12T20:44:28.407595Z,2026-09-12T20:45:28.407595Z,0.00,,,2026-09-13T19:23:36.338981Z,2026-09-13T19:23:36.338981Z
883,4681,SIM-4aa0496e984640b7bb60098bb6a1077b-30,BOLETO,APPROVED,142.40,BRL,1,sim_gateway_integra,2026-09-13T02:52:29.440327Z,2026-09-13T02:53:29.440327Z,0.00,,,2026-09-13T19:23:36.338981Z,2026-09-13T19:23:36.338981Z
884,4770,SIM-4aa0496e984640b7bb60098bb6a1077b-31,CREDIT_CARD,PENDING,318.46,BRL,6,sim_gateway_aurora,,,0.00,,,2026-09-13T19:23:36.338981Z,2026-09-13T19:23:36.338981Z
885,3336,SIM-4aa0496e984640b7bb60098bb6a1077b-32,CREDIT_CARD,APPROVED,1284.57,BRL,2,sim_gateway_integra,2026-09-07T17:59:55.820833Z,2026-09-07T18:00:55.820833Z,0.00,,,2026-09-13T19:23:36.338981Z,2026-09-13T19:23:36.338981Z
886,681,SIM-4aa0496e984640b7bb60098bb6a1077b-33,CREDIT_CARD,APPROVED,82.81,BRL,2,sim_gateway_integra,2026-09-07T17:59:55.820833Z,2026-09-07T18:00:55.820833Z,0.00,,,2026-09-13T19:23:36.338981Z,2026-09-13T19:23:36.338981Z
887,1975,SIM-4aa0496e984640b7bb60098bb6a1077b-34,CREDIT_CARD,APPROVED,329.14,BRL,2,sim_gateway_integra,2026-09-07T17:59:55.820833Z,2026-09-07T18:00:55.820833Z,0.00,,,2026-09-13T19:23:36.338981Z,2026-09-13T19:23:36.338981Z
888,2667,SIM-4aa0496e984640b7bb60098bb6a1077b-35,CREDIT_CARD,PENDING,237.99,BRL,6,sim_gateway_horizonte,,,0.00,,,2026-09-13T19:23:36.338981Z,2026-09-13T19:23:36.338981Z
889,362,SIM-4aa0496e984640b7bb60098bb6a1077b-36,CREDIT_CARD,APPROVED,210.72,BRL,3,sim_gateway_aurora,2026-09-07T17:59:55.820833Z,2026-09-07T18:00:55.820833Z,0.00,,,2026-09-13T19:23:36.338981Z,2026-09-13T19:23:36.338981Z
890,4310,SIM-4aa0496e984640b7bb60098bb6a1077b-37,PIX,APPROVED,61.78,BRL,1,sim_gateway_horizonte,2026-09-13T15:47:57.407595Z,2026-09-13T15:48:57.407595Z,0.00,,,2026-09-13T19:23:36.338981Z,2026-09-13T19:23:36.338981Z
891,4779,SIM-4aa0496e984640b7bb60098bb6a1077b-38,BOLETO,PENDING,2573.25,BRL,1,sim_gateway_integra,,,0.00,,,2026-09-13T19:23:36.338981Z,2026-09-13T19:23:36.338981Z
892,2474,SIM-735f29145c734fa39b04daeb324699a1-0,CREDIT_CARD,CANCELLED,352.20,BRL,2,sim_gateway_horizonte,,,0.00,,,2026-09-13T19:25:35.131889Z,2026-09-13T19:25:35.131889Z
893,3744,SIM-735f29145c734fa39b04daeb324699a1-1,DEBIT_CARD,APPROVED,296.09,BRL,1,sim_gateway_integra,2026-09-07T18:01:16.074436Z,2026-09-07T18:02:16.074436Z,0.00,,,2026-09-13T19:25:35.131889Z,2026-09-13T19:25:35.131889Z
894,3778,SIM-735f29145c734fa39b04daeb324699a1-2,CREDIT_CARD,APPROVED,1568.78,BRL,1,sim_gateway_horizonte,2026-09-07T18:01:16.074436Z,2026-09-07T18:02:16.074436Z,0.00,,,2026-09-13T19:25:35.131889Z,2026-09-13T19:25:35.131889Z
895,4177,SIM-735f29145c734fa39b04daeb324699a1-3,CREDIT_CARD,APPROVED,1427.10,BRL,2,sim_gateway_horizonte,2026-09-13T08:36:32.407595Z,2026-09-13T08:37:32.407595Z,0.00,,,2026-09-13T19:25:35.131889Z,2026-09-13T19:25:35.131889Z
896,3373,SIM-735f29145c734fa39b04daeb324699a1-4,PIX,APPROVED,226.20,BRL,1,sim_gateway_integra,2026-09-07T18:01:16.074436Z,2026-09-07T18:02:16.074436Z,0.00,,,2026-09-13T19:25:35.131889Z,2026-09-13T19:25:35.131889Z
897,732,SIM-735f29145c734fa39b04daeb324699a1-5,CREDIT_CARD,APPROVED,108.42,BRL,3,sim_gateway_aurora,2026-09-07T17:59:55.820833Z,2026-09-07T18:00:55.820833Z,0.00,,,2026-09-13T19:25:35.131889Z,2026-09-13T19:25:35.131889Z
898,3669,SIM-735f29145c734fa39b04daeb324699a1-6,CREDIT_CARD,APPROVED,211.70,BRL,1,sim_gateway_integra,2026-09-07T18:01:16.074436Z,2026-09-07T18:02:16.074436Z,0.00,,,2026-09-13T19:25:35.131889Z,2026-09-13T19:25:35.131889Z
899,3962,SIM-735f29145c734fa39b04daeb324699a1-7,PIX,APPROVED,1168.75,BRL,1,sim_gateway_horizonte,2026-09-07T18:01:16.074436Z,2026-09-07T18:02:16.074436Z,0.00,,,2026-09-13T19:25:35.131889Z,2026-09-13T19:25:35.131889Z
900,2255,SIM-735f29145c734fa39b04daeb324699a1-8,DEBIT_CARD,APPROVED,547.87,BRL,1,sim_gateway_integra,2026-09-07T18:01:15.650470Z,2026-09-07T18:02:15.650470Z,0.00,,,2026-09-13T19:25:35.131889Z,2026-09-13T19:25:35.131889Z
901,5231,SIM-735f29145c734fa39b04daeb324699a1-9,CREDIT_CARD,APPROVED,101.92,BRL,2,sim_gateway_integra,2026-09-13T19:25:08.604854Z,2026-09-13T19:25:35.131889Z,0.00,,,2026-09-13T19:25:35.131889Z,2026-09-13T19:25:35.131889Z
902,1553,SIM-735f29145c734fa39b04daeb324699a1-10,BOLETO,APPROVED,129.88,BRL,1,sim_gateway_aurora,2026-09-07T17:59:55.820833Z,2026-09-07T18:00:55.820833Z,0.00,,,2026-09-13T19:25:35.131889Z,2026-09-13T19:25:35.131889Z
903,1833,SIM-735f29145c734fa39b04daeb324699a1-11,CREDIT_CARD,APPROVED,410.18,BRL,3,sim_gateway_integra,2026-09-07T17:59:55.820833Z,2026-09-07T18:00:55.820833Z,0.00,,,2026-09-13T19:25:35.131889Z,2026-09-13T19:25:35.131889Z
904,793,SIM-735f29145c734fa39b04daeb324699a1-12,DEBIT_CARD,APPROVED,286.32,BRL,1,sim_gateway_aurora,2026-09-07T17:59:55.820833Z,2026-09-07T18:00:55.820833Z,0.00,,,2026-09-13T19:25:35.131889Z,2026-09-13T19:25:35.131889Z
905,4819,SIM-735f29145c734fa39b04daeb324699a1-13,CREDIT_CARD,PENDING,64.30,BRL,1,sim_gateway_integra,,,0.00,,,2026-09-13T19:25:35.131889Z,2026-09-13T19:25:35.131889Z
906,4867,SIM-735f29145c734fa39b04daeb324699a1-14,PIX,APPROVED,41.31,BRL,1,sim_gateway_integra,2026-09-13T02:55:01.440327Z,2026-09-13T02:56:01.440327Z,0.00,,,2026-09-13T19:25:35.131889Z,2026-09-13T19:25:35.131889Z
907,1618,SIM-735f29145c734fa39b04daeb324699a1-15,CREDIT_CARD,APPROVED,1288.62,BRL,1,sim_gateway_horizonte,2026-09-07T17:59:55.820833Z,2026-09-07T18:00:55.820833Z,0.00,,,2026-09-13T19:25:35.131889Z,2026-09-13T19:25:35.131889Z
908,4044,SIM-735f29145c734fa39b04daeb324699a1-16,CREDIT_CARD,PENDING,259.01,BRL,1,sim_gateway_aurora,,,0.00,,,2026-09-13T19:25:35.131889Z,2026-09-13T19:25:35.131889Z
909,4799,SIM-735f29145c734fa39b04daeb324699a1-17,CREDIT_CARD,APPROVED,86.58,BRL,1,sim_gateway_horizonte,2026-09-12T22:10:20.440327Z,2026-09-12T22:11:20.440327Z,0.00,,,2026-09-13T19:25:35.131889Z,2026-09-13T19:25:35.131889Z
910,4253,SIM-735f29145c734fa39b04daeb324699a1-18,CREDIT_CARD,PENDING,282.30,BRL,6,sim_gateway_aurora,,,0.00,,,2026-09-13T19:25:35.131889Z,2026-09-13T19:25:35.131889Z
911,1435,SIM-735f29145c734fa39b04daeb324699a1-19,CREDIT_CARD,PENDING,190.78,BRL,6,sim_gateway_aurora,,,0.00,,,2026-09-13T19:25:35.131889Z,2026-09-13T19:25:35.131889Z
912,2704,SIM-735f29145c734fa39b04daeb324699a1-20,PIX,PENDING,408.34,BRL,1,sim_gateway_aurora,,,0.00,,,2026-09-13T19:25:35.131889Z,2026-09-13T19:25:35.131889Z
913,1056,SIM-735f29145c734fa39b04daeb324699a1-21,PIX,APPROVED,222.08,BRL,1,sim_gateway_aurora,2026-09-07T17:59:55.820833Z,2026-09-07T18:00:55.820833Z,0.00,,,2026-09-13T19:25:35.131889Z,2026-09-13T19:25:35.131889Z
914,3190,SIM-735f29145c734fa39b04daeb324699a1-22,CREDIT_CARD,APPROVED,297.79,BRL,1,sim_gateway_integra,2026-09-07T18:01:15.650470Z,2026-09-07T18:02:15.650470Z,0.00,,,2026-09-13T19:25:35.131889Z,2026-09-13T19:25:35.131889Z
915,3740,SIM-735f29145c734fa39b04daeb324699a1-23,CREDIT_CARD,APPROVED,235.83,BRL,2,sim_gateway_aurora,2026-09-07T18:01:15.650470Z,2026-09-07T18:02:15.650470Z,0.00,,,2026-09-13T19:25:35.131889Z,2026-09-13T19:25:35.131889Z
916,5098,SIM-735f29145c734fa39b04daeb324699a1-24,PIX,APPROVED,138.79,BRL,1,sim_gateway_integra,2026-09-13T13:02:05.857819Z,2026-09-13T13:03:05.857819Z,0.00,,,2026-09-13T19:25:35.131889Z,2026-09-13T19:25:35.131889Z
917,2295,SIM-735f29145c734fa39b04daeb324699a1-25,PIX,APPROVED,1273.84,BRL,1,sim_gateway_integra,2026-09-07T18:01:16.074436Z,2026-09-07T18:02:16.074436Z,0.00,,,2026-09-13T19:25:35.131889Z,2026-09-13T19:25:35.131889Z
918,4512,SIM-735f29145c734fa39b04daeb324699a1-26,BOLETO,APPROVED,521.83,BRL,1,sim_gateway_horizonte,2026-09-13T00:08:13.440327Z,2026-09-13T00:09:13.440327Z,0.00,,,2026-09-13T19:25:35.131889Z,2026-09-13T19:25:35.131889Z
919,2262,SIM-735f29145c734fa39b04daeb324699a1-27,BOLETO,APPROVED,111.99,BRL,1,sim_gateway_integra,2026-09-07T18:01:16.074436Z,2026-09-07T18:02:16.074436Z,0.00,,,2026-09-13T19:25:35.131889Z,2026-09-13T19:25:35.131889Z
920,5132,SIM-735f29145c734fa39b04daeb324699a1-28,BOLETO,APPROVED,514.48,BRL,1,sim_gateway_integra,2026-09-12T20:01:16.857819Z,2026-09-12T20:02:16.857819Z,0.00,,,2026-09-13T19:25:35.131889Z,2026-09-13T19:25:35.131889Z
921,4994,SIM-735f29145c734fa39b04daeb324699a1-29,PIX,PENDING,874.70,BRL,1,sim_gateway_horizonte,,,0.00,,,2026-09-13T19:25:35.131889Z,2026-09-13T19:25:35.131889Z
922,638,SIM-735f29145c734fa39b04daeb324699a1-30,CREDIT_CARD,PENDING,176.49,BRL,3,sim_gateway_integra,,,0.00,,,2026-09-13T19:25:35.131889Z,2026-09-13T19:25:35.131889Z
923,3023,SIM-735f29145c734fa39b04daeb324699a1-31,BOLETO,APPROVED,394.82,BRL,1,sim_gateway_integra,2026-09-07T18:01:16.074436Z,2026-09-07T18:02:16.074436Z,0.00,,,2026-09-13T19:25:35.131889Z,2026-09-13T19:25:35.131889Z
924,3531,SIM-735f29145c734fa39b04daeb324699a1-32,BOLETO,PENDING,132.44,BRL,1,sim_gateway_integra,,,0.00,,,2026-09-13T19:25:35.131889Z,2026-09-13T19:25:35.131889Z
925,4471,SIM-735f29145c734fa39b04daeb324699a1-33,BOLETO,APPROVED,1284.06,BRL,1,sim_gateway_integra,2026-09-13T08:00:06.407595Z,2026-09-13T08:01:06.407595Z,0.00,,,2026-09-13T19:25:35.131889Z,2026-09-13T19:25:35.131889Z
926,4715,SIM-735f29145c734fa39b04daeb324699a1-34,CREDIT_CARD,APPROVED,1721.51,BRL,6,sim_gateway_aurora,2026-09-13T19:00:06.440327Z,2026-09-13T19:01:06.440327Z,0.00,,,2026-09-13T19:25:35.131889Z,2026-09-13T19:25:35.131889Z
927,4808,SIM-735f29145c734fa39b04daeb324699a1-35,CREDIT_CARD,PENDING,324.16,BRL,2,sim_gateway_integra,,,0.00,,,2026-09-13T19:25:35.131889Z,2026-09-13T19:25:35.131889Z
928,3362,SIM-735f29145c734fa39b04daeb324699a1-36,CREDIT_CARD,APPROVED,1735.37,BRL,2,sim_gateway_integra,2026-09-07T18:01:16.074436Z,2026-09-07T18:02:16.074436Z,0.00,,,2026-09-13T19:25:35.131889Z,2026-09-13T19:25:35.131889Z
929,685,SIM-735f29145c734fa39b04daeb324699a1-37,CREDIT_CARD,APPROVED,172.39,BRL,2,sim_gateway_integra,2026-09-07T17:59:55.820833Z,2026-09-07T18:00:55.820833Z,0.00,,,2026-09-13T19:25:35.131889Z,2026-09-13T19:25:35.131889Z
930,5130,SIM-735f29145c734fa39b04daeb324699a1-38,CREDIT_CARD,APPROVED,881.90,BRL,6,sim_gateway_horizonte,2026-09-13T13:53:55.857819Z,2026-09-13T13:54:55.857819Z,0.00,,,2026-09-13T19:25:35.131889Z,2026-09-13T19:25:35.131889Z
